Date, DMI EAST HadISST1.1  missing value -9999 https://psl.noaa.gov/data/timeseries/month/
1870-01-01,    -0.426
1870-02-01,    -0.602
1870-03-01,    -0.687
1870-04-01,    -0.386
1870-05-01,    -0.415
1870-06-01,    -0.423
1870-07-01,    -0.245
1870-08-01,    -0.155
1870-09-01,    -0.135
1870-10-01,    -0.224
1870-11-01,    -0.364
1870-12-01,    -0.415
1871-01-01,    -0.384
1871-02-01,    -0.465
1871-03-01,    -0.490
1871-04-01,    -0.586
1871-05-01,    -0.745
1871-06-01,    -0.789
1871-07-01,    -0.383
1871-08-01,    -0.441
1871-09-01,    -0.646
1871-10-01,    -0.579
1871-11-01,    -0.561
1871-12-01,    -0.603
1872-01-01,    -0.712
1872-02-01,    -0.630
1872-03-01,    -0.569
1872-04-01,    -0.661
1872-05-01,    -0.463
1872-06-01,    -0.482
1872-07-01,    -0.395
1872-08-01,    -0.443
1872-09-01,    -0.408
1872-10-01,    -0.464
1872-11-01,    -0.411
1872-12-01,    -0.649
1873-01-01,    -0.729
1873-02-01,    -0.672
1873-03-01,    -0.713
1873-04-01,    -0.592
1873-05-01,    -0.687
1873-06-01,    -0.571
1873-07-01,    -0.442
1873-08-01,    -0.336
1873-09-01,    -0.145
1873-10-01,    -0.531
1873-11-01,    -0.556
1873-12-01,    -0.672
1874-01-01,    -0.331
1874-02-01,    -0.416
1874-03-01,    -0.136
1874-04-01,    -0.209
1874-05-01,    -0.527
1874-06-01,    -0.446
1874-07-01,    -0.304
1874-08-01,    -0.682
1874-09-01,    -0.240
1874-10-01,    -0.250
1874-11-01,    -0.717
1874-12-01,    -0.420
1875-01-01,    -0.441
1875-02-01,    -0.611
1875-03-01,    -0.693
1875-04-01,    -0.857
1875-05-01,    -0.532
1875-06-01,    -0.788
1875-07-01,    -0.646
1875-08-01,    -0.711
1875-09-01,    -0.564
1875-10-01,    -0.273
1875-11-01,    -0.025
1875-12-01,    -0.646
1876-01-01,    -0.736
1876-02-01,    -0.539
1876-03-01,    -0.414
1876-04-01,    -0.412
1876-05-01,    -0.477
1876-06-01,    -0.797
1876-07-01,    -0.686
1876-08-01,    -0.687
1876-09-01,    -0.906
1876-10-01,    -0.852
1876-11-01,    -0.818
1876-12-01,    -0.782
1877-01-01,    -0.659
1877-02-01,    -0.817
1877-03-01,    -0.624
1877-04-01,    -0.551
1877-05-01,    -0.351
1877-06-01,    -0.230
1877-07-01,     0.012
1877-08-01,    -0.648
1877-09-01,    -0.655
1877-10-01,    -0.647
1877-11-01,    -0.793
1877-12-01,    -0.334
1878-01-01,     0.155
1878-02-01,     0.515
1878-03-01,     0.112
1878-04-01,     0.094
1878-05-01,     0.133
1878-06-01,     0.087
1878-07-01,     0.127
1878-08-01,    -0.071
1878-09-01,    -0.356
1878-10-01,     0.036
1878-11-01,    -0.352
1878-12-01,    -0.219
1879-01-01,    -0.223
1879-02-01,    -0.300
1879-03-01,    -0.236
1879-04-01,    -0.355
1879-05-01,    -0.358
1879-06-01,    -0.448
1879-07-01,    -0.313
1879-08-01,    -0.334
1879-09-01,    -0.335
1879-10-01,    -0.386
1879-11-01,    -0.567
1879-12-01,    -0.655
1880-01-01,    -0.742
1880-02-01,    -0.545
1880-03-01,    -0.432
1880-04-01,    -0.610
1880-05-01,    -0.760
1880-06-01,    -0.779
1880-07-01,    -0.355
1880-08-01,    -0.102
1880-09-01,    -0.261
1880-10-01,    -0.242
1880-11-01,    -0.231
1880-12-01,    -0.419
1881-01-01,    -0.695
1881-02-01,    -0.319
1881-03-01,    -0.143
1881-04-01,    -0.046
1881-05-01,    -0.197
1881-06-01,    -0.579
1881-07-01,    -0.189
1881-08-01,    -0.248
1881-09-01,    -0.217
1881-10-01,    -0.214
1881-11-01,    -0.403
1881-12-01,    -0.288
1882-01-01,    -0.131
1882-02-01,     0.043
1882-03-01,    -0.404
1882-04-01,    -0.370
1882-05-01,    -0.563
1882-06-01,    -0.744
1882-07-01,    -0.536
1882-08-01,    -0.306
1882-09-01,    -0.174
1882-10-01,    -0.317
1882-11-01,    -0.616
1882-12-01,    -0.698
1883-01-01,    -0.050
1883-02-01,    -0.365
1883-03-01,    -0.493
1883-04-01,    -0.675
1883-05-01,    -0.615
1883-06-01,    -0.330
1883-07-01,    -0.273
1883-08-01,    -0.644
1883-09-01,    -0.457
1883-10-01,    -0.657
1883-11-01,    -0.631
1883-12-01,    -0.827
1884-01-01,    -0.758
1884-02-01,    -0.673
1884-03-01,    -0.483
1884-04-01,    -0.659
1884-05-01,    -0.710
1884-06-01,    -0.656
1884-07-01,    -0.491
1884-08-01,    -0.216
1884-09-01,    -0.088
1884-10-01,    -0.310
1884-11-01,    -0.389
1884-12-01,    -0.378
1885-01-01,    -0.321
1885-02-01,    -0.698
1885-03-01,    -0.575
1885-04-01,    -0.583
1885-05-01,    -0.640
1885-06-01,    -0.897
1885-07-01,    -0.818
1885-08-01,    -0.685
1885-09-01,    -0.443
1885-10-01,    -0.592
1885-11-01,    -0.351
1885-12-01,    -0.369
1886-01-01,    -0.116
1886-02-01,    -0.101
1886-03-01,    -0.037
1886-04-01,    -0.146
1886-05-01,    -0.302
1886-06-01,    -0.575
1886-07-01,    -0.370
1886-08-01,    -0.115
1886-09-01,    -0.151
1886-10-01,    -0.356
1886-11-01,    -0.471
1886-12-01,    -0.754
1887-01-01,    -0.562
1887-02-01,    -0.542
1887-03-01,    -0.575
1887-04-01,    -0.769
1887-05-01,    -0.816
1887-06-01,    -0.873
1887-07-01,    -0.637
1887-08-01,    -0.737
1887-09-01,    -0.900
1887-10-01,    -0.551
1887-11-01,    -0.681
1887-12-01,    -0.779
1888-01-01,    -0.872
1888-02-01,    -0.404
1888-03-01,    -0.300
1888-04-01,    -0.191
1888-05-01,    -0.279
1888-06-01,    -0.499
1888-07-01,    -0.467
1888-08-01,    -0.290
1888-09-01,    -0.346
1888-10-01,    -0.183
1888-11-01,    -0.189
1888-12-01,    -0.244
1889-01-01,    -0.047
1889-02-01,    -0.191
1889-03-01,     0.074
1889-04-01,    -0.003
1889-05-01,    -0.030
1889-06-01,    -0.304
1889-07-01,    -0.237
1889-08-01,    -0.176
1889-09-01,    -0.067
1889-10-01,    -0.173
1889-11-01,    -0.419
1889-12-01,    -0.714
1890-01-01,    -0.962
1890-02-01,    -0.880
1890-03-01,    -0.564
1890-04-01,    -0.748
1890-05-01,    -0.853
1890-06-01,    -0.672
1890-07-01,    -0.600
1890-08-01,    -0.808
1890-09-01,    -0.556
1890-10-01,    -0.429
1890-11-01,    -0.666
1890-12-01,    -0.670
1891-01-01,    -0.733
1891-02-01,    -0.403
1891-03-01,    -0.306
1891-04-01,    -0.497
1891-05-01,    -0.609
1891-06-01,    -0.721
1891-07-01,    -0.778
1891-08-01,    -0.929
1891-09-01,    -0.826
1891-10-01,    -0.793
1891-11-01,    -0.763
1891-12-01,    -0.772
1892-01-01,    -0.483
1892-02-01,    -0.194
1892-03-01,    -0.480
1892-04-01,    -0.456
1892-05-01,    -0.369
1892-06-01,    -0.195
1892-07-01,    -0.450
1892-08-01,    -0.226
1892-09-01,     0.007
1892-10-01,    -0.568
1892-11-01,    -0.857
1892-12-01,    -0.897
1893-01-01,    -0.869
1893-02-01,    -0.776
1893-03-01,    -0.464
1893-04-01,    -0.498
1893-05-01,    -0.613
1893-06-01,    -0.615
1893-07-01,    -0.403
1893-08-01,    -0.331
1893-09-01,    -0.357
1893-10-01,    -0.363
1893-11-01,    -0.649
1893-12-01,    -0.698
1894-01-01,    -0.880
1894-02-01,    -0.596
1894-03-01,    -0.628
1894-04-01,    -0.563
1894-05-01,    -0.826
1894-06-01,    -0.948
1894-07-01,    -0.850
1894-08-01,    -1.094
1894-09-01,    -0.802
1894-10-01,    -0.799
1894-11-01,    -0.843
1894-12-01,    -0.733
1895-01-01,    -0.785
1895-02-01,    -0.717
1895-03-01,    -0.672
1895-04-01,    -0.694
1895-05-01,    -0.755
1895-06-01,    -0.737
1895-07-01,    -0.576
1895-08-01,    -0.605
1895-09-01,    -0.455
1895-10-01,    -0.583
1895-11-01,    -0.320
1895-12-01,    -0.475
1896-01-01,    -0.288
1896-02-01,    -0.143
1896-03-01,    -0.182
1896-04-01,    -0.312
1896-05-01,    -0.361
1896-06-01,    -0.423
1896-07-01,    -0.504
1896-08-01,    -0.574
1896-09-01,    -0.637
1896-10-01,    -0.885
1896-11-01,    -0.784
1896-12-01,    -0.515
1897-01-01,    -0.291
1897-02-01,    -0.079
1897-03-01,    -0.106
1897-04-01,    -0.328
1897-05-01,    -0.468
1897-06-01,    -0.418
1897-07-01,    -0.160
1897-08-01,    -0.106
1897-09-01,    -0.065
1897-10-01,     0.248
1897-11-01,    -0.209
1897-12-01,    -0.224
1898-01-01,    -0.417
1898-02-01,    -0.459
1898-03-01,    -0.722
1898-04-01,    -0.514
1898-05-01,    -0.476
1898-06-01,    -0.586
1898-07-01,    -0.161
1898-08-01,    -0.242
1898-09-01,    -0.181
1898-10-01,    -0.165
1898-11-01,    -0.509
1898-12-01,    -0.659
1899-01-01,    -0.833
1899-02-01,    -0.859
1899-03-01,    -0.901
1899-04-01,    -0.855
1899-05-01,    -0.808
1899-06-01,    -0.729
1899-07-01,    -0.490
1899-08-01,    -0.568
1899-09-01,    -0.458
1899-10-01,    -0.434
1899-11-01,    -0.518
1899-12-01,    -0.224
1900-01-01,    -0.283
1900-02-01,    -0.137
1900-03-01,    -0.183
1900-04-01,    -0.152
1900-05-01,    -0.376
1900-06-01,    -0.499
1900-07-01,    -0.307
1900-08-01,    -0.278
1900-09-01,    -0.199
1900-10-01,    -0.416
1900-11-01,    -0.505
1900-12-01,    -0.090
1901-01-01,    -0.071
1901-02-01,    -0.134
1901-03-01,    -0.248
1901-04-01,    -0.293
1901-05-01,    -0.327
1901-06-01,    -0.450
1901-07-01,    -0.524
1901-08-01,    -0.339
1901-09-01,    -0.383
1901-10-01,    -0.366
1901-11-01,    -0.437
1901-12-01,    -0.388
1902-01-01,    -0.411
1902-02-01,    -0.321
1902-03-01,    -0.550
1902-04-01,    -0.693
1902-05-01,    -0.731
1902-06-01,    -0.604
1902-07-01,    -0.721
1902-08-01,    -0.927
1902-09-01,    -0.945
1902-10-01,    -0.513
1902-11-01,    -0.818
1902-12-01,    -0.530
1903-01-01,    -0.364
1903-02-01,    -0.242
1903-03-01,    -0.424
1903-04-01,    -0.311
1903-05-01,    -0.585
1903-06-01,    -0.414
1903-07-01,    -0.332
1903-08-01,    -0.355
1903-09-01,    -0.304
1903-10-01,    -0.296
1903-11-01,    -0.665
1903-12-01,    -0.696
1904-01-01,    -1.017
1904-02-01,    -0.677
1904-03-01,    -0.794
1904-04-01,    -0.972
1904-05-01,    -0.790
1904-06-01,    -0.688
1904-07-01,    -0.578
1904-08-01,    -0.569
1904-09-01,    -0.412
1904-10-01,    -0.628
1904-11-01,    -0.617
1904-12-01,    -0.407
1905-01-01,    -0.420
1905-02-01,    -0.351
1905-03-01,    -0.268
1905-04-01,    -0.606
1905-05-01,    -0.689
1905-06-01,    -0.266
1905-07-01,    -0.492
1905-08-01,    -0.630
1905-09-01,    -0.645
1905-10-01,    -0.419
1905-11-01,    -0.342
1905-12-01,    -0.145
1906-01-01,    -0.151
1906-02-01,     0.024
1906-03-01,    -0.201
1906-04-01,    -0.132
1906-05-01,    -0.343
1906-06-01,    -0.350
1906-07-01,    -0.143
1906-08-01,    -0.005
1906-09-01,     0.260
1906-10-01,    -0.127
1906-11-01,    -0.439
1906-12-01,    -0.760
1907-01-01,    -0.406
1907-02-01,    -0.526
1907-03-01,    -0.701
1907-04-01,    -0.379
1907-05-01,    -0.676
1907-06-01,    -0.762
1907-07-01,    -0.543
1907-08-01,    -0.478
1907-09-01,    -0.415
1907-10-01,    -0.524
1907-11-01,    -0.525
1907-12-01,    -0.559
1908-01-01,    -0.403
1908-02-01,    -0.397
1908-03-01,    -0.724
1908-04-01,    -0.303
1908-05-01,    -0.597
1908-06-01,    -0.665
1908-07-01,    -0.415
1908-08-01,    -0.321
1908-09-01,    -0.600
1908-10-01,    -0.394
1908-11-01,    -0.453
1908-12-01,    -0.585
1909-01-01,    -0.359
1909-02-01,    -0.473
1909-03-01,    -0.379
1909-04-01,    -0.382
1909-05-01,    -0.335
1909-06-01,    -0.355
1909-07-01,    -0.203
1909-08-01,    -0.242
1909-09-01,    -0.157
1909-10-01,    -0.342
1909-11-01,    -0.517
1909-12-01,    -0.551
1910-01-01,    -0.340
1910-02-01,    -0.761
1910-03-01,    -0.542
1910-04-01,    -0.836
1910-05-01,    -0.622
1910-06-01,    -0.570
1910-07-01,    -0.136
1910-08-01,    -0.407
1910-09-01,    -0.234
1910-10-01,    -0.237
1910-11-01,    -0.604
1910-12-01,    -0.759
1911-01-01,    -0.529
1911-02-01,    -0.538
1911-03-01,    -0.086
1911-04-01,    -0.375
1911-05-01,    -0.468
1911-06-01,    -0.441
1911-07-01,    -0.413
1911-08-01,    -0.365
1911-09-01,    -0.476
1911-10-01,    -0.408
1911-11-01,    -0.626
1911-12-01,    -0.625
1912-01-01,    -0.484
1912-02-01,    -0.376
1912-03-01,    -0.682
1912-04-01,    -0.325
1912-05-01,    -0.662
1912-06-01,    -0.583
1912-07-01,    -0.240
1912-08-01,    -0.104
1912-09-01,    -0.112
1912-10-01,    -0.280
1912-11-01,    -0.341
1912-12-01,    -0.550
1913-01-01,    -0.650
1913-02-01,    -0.359
1913-03-01,    -0.787
1913-04-01,    -0.737
1913-05-01,    -0.717
1913-06-01,    -0.920
1913-07-01,    -0.733
1913-08-01,    -0.711
1913-09-01,    -0.501
1913-10-01,    -0.736
1913-11-01,    -0.523
1913-12-01,    -0.459
1914-01-01,    -0.413
1914-02-01,    -0.281
1914-03-01,    -0.311
1914-04-01,    -0.441
1914-05-01,    -0.556
1914-06-01,    -0.707
1914-07-01,    -0.365
1914-08-01,    -0.450
1914-09-01,    -0.627
1914-10-01,    -0.481
1914-11-01,    -0.115
1914-12-01,    -0.179
1915-01-01,    -0.276
1915-02-01,    -0.154
1915-03-01,    -0.256
1915-04-01,    -0.155
1915-05-01,    -0.123
1915-06-01,    -0.101
1915-07-01,     0.050
1915-08-01,    -0.254
1915-09-01,    -0.093
1915-10-01,    -0.326
1915-11-01,    -0.385
1915-12-01,    -0.588
1916-01-01,    -0.743
1916-02-01,    -0.728
1916-03-01,    -0.730
1916-04-01,    -0.662
1916-05-01,    -0.613
1916-06-01,    -0.380
1916-07-01,    -0.265
1916-08-01,    -0.086
1916-09-01,     0.178
1916-10-01,    -0.207
1916-11-01,    -0.676
1916-12-01,    -0.764
1917-01-01,    -0.958
1917-02-01,    -0.853
1917-03-01,    -1.040
1917-04-01,    -0.731
1917-05-01,    -0.728
1917-06-01,    -0.586
1917-07-01,    -0.234
1917-08-01,    -0.205
1917-09-01,     0.110
1917-10-01,    -0.119
1917-11-01,    -0.428
1917-12-01,    -0.712
1918-01-01,    -1.163
1918-02-01,    -1.297
1918-03-01,    -1.127
1918-04-01,    -0.846
1918-05-01,    -0.704
1918-06-01,    -0.745
1918-07-01,    -0.622
1918-08-01,    -0.749
1918-09-01,    -0.608
1918-10-01,    -0.568
1918-11-01,    -0.480
1918-12-01,    -0.586
1919-01-01,    -0.306
1919-02-01,    -0.252
1919-03-01,    -0.309
1919-04-01,    -0.228
1919-05-01,    -0.142
1919-06-01,    -0.196
1919-07-01,    -0.408
1919-08-01,    -0.347
1919-09-01,    -0.314
1919-10-01,    -0.483
1919-11-01,    -0.848
1919-12-01,    -0.608
1920-01-01,    -0.626
1920-02-01,    -0.662
1920-03-01,    -0.651
1920-04-01,    -0.673
1920-05-01,    -0.759
1920-06-01,    -0.769
1920-07-01,    -0.608
1920-08-01,    -0.261
1920-09-01,    -0.269
1920-10-01,    -0.555
1920-11-01,    -0.430
1920-12-01,    -0.616
1921-01-01,    -0.662
1921-02-01,    -0.694
1921-03-01,    -0.796
1921-04-01,    -0.538
1921-05-01,    -0.863
1921-06-01,    -0.725
1921-07-01,    -0.469
1921-08-01,    -0.265
1921-09-01,    -0.467
1921-10-01,    -0.298
1921-11-01,    -0.492
1921-12-01,    -0.331
1922-01-01,    -0.473
1922-02-01,    -0.455
1922-03-01,    -0.768
1922-04-01,    -0.613
1922-05-01,    -0.611
1922-06-01,    -0.618
1922-07-01,    -0.404
1922-08-01,    -0.391
1922-09-01,    -0.510
1922-10-01,    -0.335
1922-11-01,    -0.340
1922-12-01,    -0.746
1923-01-01,    -0.800
1923-02-01,    -0.587
1923-03-01,    -0.550
1923-04-01,    -0.494
1923-05-01,    -0.440
1923-06-01,    -0.648
1923-07-01,    -0.527
1923-08-01,    -0.838
1923-09-01,    -1.009
1923-10-01,    -0.831
1923-11-01,    -0.827
1923-12-01,    -0.487
1924-01-01,    -0.253
1924-02-01,    -0.003
1924-03-01,    -0.109
1924-04-01,    -0.285
1924-05-01,    -0.419
1924-06-01,    -0.321
1924-07-01,    -0.353
1924-08-01,    -0.449
1924-09-01,    -0.177
1924-10-01,    -0.586
1924-11-01,    -0.683
1924-12-01,    -0.625
1925-01-01,    -0.806
1925-02-01,    -0.977
1925-03-01,    -0.834
1925-04-01,    -1.113
1925-05-01,    -0.775
1925-06-01,    -0.886
1925-07-01,    -0.523
1925-08-01,    -0.708
1925-09-01,    -0.877
1925-10-01,    -0.696
1925-11-01,    -0.572
1925-12-01,    -0.467
1926-01-01,    -0.472
1926-02-01,    -0.271
1926-03-01,    -0.337
1926-04-01,    -0.312
1926-05-01,    -0.426
1926-06-01,    -0.617
1926-07-01,    -0.163
1926-08-01,    -0.531
1926-09-01,    -0.277
1926-10-01,    -0.411
1926-11-01,    -0.373
1926-12-01,    -0.409
1927-01-01,    -0.686
1927-02-01,    -0.374
1927-03-01,    -0.576
1927-04-01,    -0.484
1927-05-01,    -0.680
1927-06-01,    -0.655
1927-07-01,    -0.225
1927-08-01,    -0.341
1927-09-01,    -0.228
1927-10-01,    -0.268
1927-11-01,    -0.537
1927-12-01,    -0.460
1928-01-01,    -0.230
1928-02-01,    -0.147
1928-03-01,    -0.367
1928-04-01,    -0.576
1928-05-01,    -0.515
1928-06-01,    -0.333
1928-07-01,    -0.293
1928-08-01,    -0.021
1928-09-01,     0.069
1928-10-01,    -0.216
1928-11-01,    -0.381
1928-12-01,    -0.357
1929-01-01,    -0.503
1929-02-01,    -0.509
1929-03-01,    -0.564
1929-04-01,    -0.416
1929-05-01,    -0.643
1929-06-01,    -0.703
1929-07-01,    -0.633
1929-08-01,    -0.506
1929-09-01,    -0.452
1929-10-01,    -0.418
1929-11-01,    -0.455
1929-12-01,    -0.409
1930-01-01,    -0.276
1930-02-01,    -0.205
1930-03-01,    -0.224
1930-04-01,    -0.174
1930-05-01,    -0.418
1930-06-01,    -0.705
1930-07-01,    -0.465
1930-08-01,    -0.448
1930-09-01,    -0.094
1930-10-01,    -0.242
1930-11-01,    -0.467
1930-12-01,    -0.393
1931-01-01,    -0.195
1931-02-01,     0.237
1931-03-01,     0.200
1931-04-01,     0.131
1931-05-01,    -0.040
1931-06-01,    -0.055
1931-07-01,     0.084
1931-08-01,    -0.112
1931-09-01,     0.131
1931-10-01,    -0.168
1931-11-01,    -0.311
1931-12-01,    -0.183
1932-01-01,    -0.403
1932-02-01,    -0.378
1932-03-01,    -0.294
1932-04-01,    -0.591
1932-05-01,    -0.332
1932-06-01,    -0.385
1932-07-01,    -0.443
1932-08-01,    -0.214
1932-09-01,    -0.415
1932-10-01,    -0.180
1932-11-01,    -0.542
1932-12-01,    -0.724
1933-01-01,    -0.311
1933-02-01,    -0.411
1933-03-01,    -0.642
1933-04-01,    -0.746
1933-05-01,    -0.322
1933-06-01,    -0.439
1933-07-01,    -0.211
1933-08-01,    -0.163
1933-09-01,     0.384
1933-10-01,    -0.096
1933-11-01,    -0.416
1933-12-01,    -0.474
1934-01-01,    -0.623
1934-02-01,    -0.943
1934-03-01,    -1.043
1934-04-01,    -0.807
1934-05-01,    -0.894
1934-06-01,    -0.706
1934-07-01,    -0.462
1934-08-01,    -0.596
1934-09-01,    -0.227
1934-10-01,    -0.510
1934-11-01,    -0.510
1934-12-01,    -0.321
1935-01-01,    -0.582
1935-02-01,    -0.305
1935-03-01,    -0.768
1935-04-01,    -0.344
1935-05-01,    -0.709
1935-06-01,    -0.729
1935-07-01,    -0.827
1935-08-01,    -0.732
1935-09-01,    -0.529
1935-10-01,    -0.532
1935-11-01,    -0.741
1935-12-01,    -0.593
1936-01-01,    -0.537
1936-02-01,    -0.085
1936-03-01,    -0.297
1936-04-01,    -0.497
1936-05-01,    -0.544
1936-06-01,    -0.644
1936-07-01,    -0.487
1936-08-01,    -0.066
1936-09-01,     0.078
1936-10-01,    -0.051
1936-11-01,    -0.469
1936-12-01,    -0.115
1937-01-01,    -0.398
1937-02-01,     0.030
1937-03-01,    -0.136
1937-04-01,    -0.149
1937-05-01,    -0.529
1937-06-01,    -0.240
1937-07-01,    -0.104
1937-08-01,    -0.291
1937-09-01,    -0.270
1937-10-01,    -0.223
1937-11-01,    -0.265
1937-12-01,    -0.531
1938-01-01,    -0.360
1938-02-01,    -0.213
1938-03-01,    -0.355
1938-04-01,    -0.282
1938-05-01,    -0.461
1938-06-01,    -0.117
1938-07-01,    -0.045
1938-08-01,    -0.397
1938-09-01,    -0.180
1938-10-01,    -0.119
1938-11-01,    -0.155
1938-12-01,    -0.256
1939-01-01,    -0.706
1939-02-01,    -0.719
1939-03-01,    -0.747
1939-04-01,    -0.506
1939-05-01,    -0.549
1939-06-01,    -0.514
1939-07-01,    -0.270
1939-08-01,    -0.345
1939-09-01,    -0.473
1939-10-01,    -0.600
1939-11-01,    -0.187
1939-12-01,    -0.418
1940-01-01,    -0.564
1940-02-01,    -0.348
1940-03-01,    -0.095
1940-04-01,    -0.227
1940-05-01,    -0.289
1940-06-01,    -0.482
1940-07-01,    -0.110
1940-08-01,    -0.474
1940-09-01,    -0.169
1940-10-01,    -0.002
1940-11-01,    -0.031
1940-12-01,    -0.053
1941-01-01,     0.095
1941-02-01,     0.343
1941-03-01,     0.098
1941-04-01,     0.140
1941-05-01,    -0.077
1941-06-01,     0.041
1941-07-01,     0.245
1941-08-01,     0.218
1941-09-01,    -0.049
1941-10-01,    -0.093
1941-11-01,    -0.250
1941-12-01,     0.120
1942-01-01,    -0.125
1942-02-01,    -0.129
1942-03-01,     0.065
1942-04-01,    -0.061
1942-05-01,    -0.008
1942-06-01,     0.145
1942-07-01,    -0.167
1942-08-01,     0.342
1942-09-01,     0.170
1942-10-01,    -0.304
1942-11-01,    -0.294
1942-12-01,    -0.410
1943-01-01,    -0.523
1943-02-01,    -0.513
1943-03-01,    -0.556
1943-04-01,    -0.618
1943-05-01,    -0.416
1943-06-01,    -0.775
1943-07-01,    -0.684
1943-08-01,    -0.582
1943-09-01,     0.039
1943-10-01,    -0.120
1943-11-01,    -0.122
1943-12-01,    -0.240
1944-01-01,    -0.358
1944-02-01,    -0.695
1944-03-01,    -0.325
1944-04-01,    -0.405
1944-05-01,    -0.700
1944-06-01,    -0.348
1944-07-01,    -0.386
1944-08-01,    -0.434
1944-09-01,    -0.226
1944-10-01,    -0.086
1944-11-01,    -0.312
1944-12-01,    -0.275
1945-01-01,     0.026
1945-02-01,    -0.038
1945-03-01,    -0.700
1945-04-01,    -0.521
1945-05-01,    -0.408
1945-06-01,    -0.231
1945-07-01,     0.139
1945-08-01,     0.135
1945-09-01,    -0.195
1945-10-01,    -0.321
1945-11-01,    -0.438
1945-12-01,    -0.231
1946-01-01,    -0.646
1946-02-01,    -0.457
1946-03-01,    -0.330
1946-04-01,    -0.019
1946-05-01,    -0.784
1946-06-01,    -0.493
1946-07-01,    -0.603
1946-08-01,    -0.898
1946-09-01,    -0.671
1946-10-01,    -0.422
1946-11-01,    -0.734
1946-12-01,    -0.697
1947-01-01,    -0.354
1947-02-01,    -0.649
1947-03-01,    -0.661
1947-04-01,    -0.857
1947-05-01,    -0.793
1947-06-01,    -0.654
1947-07-01,    -0.392
1947-08-01,    -0.232
1947-09-01,    -0.173
1947-10-01,    -0.448
1947-11-01,    -0.732
1947-12-01,    -0.862
1948-01-01,    -0.727
1948-02-01,    -0.584
1948-03-01,    -0.560
1948-04-01,    -0.553
1948-05-01,    -0.684
1948-06-01,    -0.676
1948-07-01,    -0.414
1948-08-01,    -0.296
1948-09-01,    -0.387
1948-10-01,    -0.454
1948-11-01,    -0.587
1948-12-01,    -0.212
1949-01-01,    -0.802
1949-02-01,    -0.814
1949-03-01,    -0.668
1949-04-01,    -0.885
1949-05-01,    -0.778
1949-06-01,    -0.767
1949-07-01,    -0.585
1949-08-01,    -0.757
1949-09-01,    -0.579
1949-10-01,    -0.592
1949-11-01,    -0.418
1949-12-01,    -0.518
1950-01-01,    -0.705
1950-02-01,    -0.362
1950-03-01,    -0.131
1950-04-01,    -0.508
1950-05-01,    -0.569
1950-06-01,    -0.475
1950-07-01,    -0.564
1950-08-01,    -0.744
1950-09-01,    -0.412
1950-10-01,    -0.388
1950-11-01,    -0.821
1950-12-01,    -0.956
1951-01-01,    -1.188
1951-02-01,    -1.052
1951-03-01,    -0.952
1951-04-01,    -0.567
1951-05-01,    -0.734
1951-06-01,    -0.465
1951-07-01,    -0.471
1951-08-01,    -0.675
1951-09-01,    -0.360
1951-10-01,    -0.334
1951-11-01,    -0.549
1951-12-01,    -0.324
1952-01-01,    -0.479
1952-02-01,    -0.464
1952-03-01,    -0.586
1952-04-01,    -0.516
1952-05-01,    -0.437
1952-06-01,    -0.550
1952-07-01,    -0.333
1952-08-01,    -0.355
1952-09-01,    -0.190
1952-10-01,    -0.372
1952-11-01,    -0.576
1952-12-01,    -0.583
1953-01-01,    -0.787
1953-02-01,    -0.795
1953-03-01,    -0.542
1953-04-01,    -0.435
1953-05-01,    -0.680
1953-06-01,    -0.386
1953-07-01,    -0.537
1953-08-01,    -0.597
1953-09-01,    -0.569
1953-10-01,    -0.416
1953-11-01,    -0.351
1953-12-01,    -0.164
1954-01-01,    -0.238
1954-02-01,    -0.213
1954-03-01,    -0.379
1954-04-01,    -0.519
1954-05-01,    -0.158
1954-06-01,    -0.338
1954-07-01,    -0.375
1954-08-01,    -0.480
1954-09-01,    -0.427
1954-10-01,    -0.486
1954-11-01,    -0.569
1954-12-01,    -0.930
1955-01-01,    -0.562
1955-02-01,    -0.725
1955-03-01,    -0.775
1955-04-01,    -0.765
1955-05-01,    -0.329
1955-06-01,    -0.730
1955-07-01,    -0.539
1955-08-01,    -0.358
1955-09-01,    -0.090
1955-10-01,    -0.295
1955-11-01,    -0.629
1955-12-01,    -0.498
1956-01-01,    -0.629
1956-02-01,    -0.757
1956-03-01,    -0.689
1956-04-01,    -0.412
1956-05-01,    -0.468
1956-06-01,    -0.265
1956-07-01,    -0.065
1956-08-01,    -0.202
1956-09-01,    -0.188
1956-10-01,    -0.204
1956-11-01,    -0.384
1956-12-01,    -0.574
1957-01-01,    -0.264
1957-02-01,    -0.130
1957-03-01,    -0.377
1957-04-01,    -0.278
1957-05-01,    -0.029
1957-06-01,    -0.221
1957-07-01,    -0.194
1957-08-01,    -0.291
1957-09-01,    -0.381
1957-10-01,    -0.256
1957-11-01,    -0.049
1957-12-01,    -0.332
1958-01-01,     0.085
1958-02-01,    -0.025
1958-03-01,    -0.093
1958-04-01,    -0.148
1958-05-01,    -0.127
1958-06-01,     0.038
1958-07-01,     0.437
1958-08-01,     0.607
1958-09-01,     0.537
1958-10-01,     0.252
1958-11-01,     0.015
1958-12-01,     0.158
1959-01-01,    -0.192
1959-02-01,     0.271
1959-03-01,     0.079
1959-04-01,    -0.169
1959-05-01,     0.097
1959-06-01,    -0.079
1959-07-01,    -0.213
1959-08-01,    -0.044
1959-09-01,    -0.064
1959-10-01,    -0.119
1959-11-01,    -0.054
1959-12-01,    -0.141
1960-01-01,    -0.331
1960-02-01,    -0.464
1960-03-01,    -0.063
1960-04-01,     0.194
1960-05-01,     0.169
1960-06-01,    -0.044
1960-07-01,    -0.038
1960-08-01,    -0.264
1960-09-01,    -0.075
1960-10-01,     0.018
1960-11-01,    -0.104
1960-12-01,    -0.034
1961-01-01,    -0.541
1961-02-01,    -0.521
1961-03-01,    -0.433
1961-04-01,     0.068
1961-05-01,    -0.328
1961-06-01,    -0.626
1961-07-01,    -1.018
1961-08-01,    -1.171
1961-09-01,    -0.974
1961-10-01,    -0.849
1961-11-01,    -0.829
1961-12-01,    -0.686
1962-01-01,    -0.970
1962-02-01,    -1.054
1962-03-01,    -0.706
1962-04-01,    -0.469
1962-05-01,    -0.341
1962-06-01,    -0.379
1962-07-01,    -0.296
1962-08-01,    -0.254
1962-09-01,    -0.393
1962-10-01,    -0.305
1962-11-01,    -0.355
1962-12-01,    -0.377
1963-01-01,    -0.837
1963-02-01,    -0.908
1963-03-01,    -0.803
1963-04-01,    -0.574
1963-05-01,    -0.473
1963-06-01,    -0.502
1963-07-01,    -0.731
1963-08-01,    -0.995
1963-09-01,    -0.705
1963-10-01,    -0.787
1963-11-01,    -0.586
1963-12-01,    -0.311
1964-01-01,     0.219
1964-02-01,     0.370
1964-03-01,    -0.016
1964-04-01,    -0.161
1964-05-01,    -0.321
1964-06-01,    -0.369
1964-07-01,    -0.231
1964-08-01,    -0.449
1964-09-01,    -0.132
1964-10-01,    -0.043
1964-11-01,    -0.757
1964-12-01,    -0.762
1965-01-01,    -0.614
1965-02-01,    -0.332
1965-03-01,    -0.725
1965-04-01,    -0.537
1965-05-01,    -0.499
1965-06-01,    -0.531
1965-07-01,    -0.474
1965-08-01,    -0.527
1965-09-01,    -0.414
1965-10-01,    -0.633
1965-11-01,    -0.413
1965-12-01,    -0.311
1966-01-01,    -0.316
1966-02-01,    -0.013
1966-03-01,    -0.110
1966-04-01,    -0.213
1966-05-01,    -0.386
1966-06-01,    -0.496
1966-07-01,    -0.545
1966-08-01,    -0.737
1966-09-01,    -0.535
1966-10-01,    -0.324
1966-11-01,    -0.278
1966-12-01,    -0.499
1967-01-01,    -0.776
1967-02-01,    -0.876
1967-03-01,    -0.848
1967-04-01,    -0.406
1967-05-01,    -0.393
1967-06-01,    -0.634
1967-07-01,    -0.982
1967-08-01,    -0.886
1967-09-01,    -0.857
1967-10-01,    -0.616
1967-11-01,    -0.508
1967-12-01,    -0.612
1968-01-01,    -0.861
1968-02-01,    -0.826
1968-03-01,    -0.733
1968-04-01,    -0.588
1968-05-01,    -0.429
1968-06-01,    -0.402
1968-07-01,    -0.132
1968-08-01,    -0.098
1968-09-01,     0.165
1968-10-01,    -0.069
1968-11-01,    -0.135
1968-12-01,    -0.183
1969-01-01,    -0.000
1969-02-01,     0.043
1969-03-01,    -0.015
1969-04-01,    -0.010
1969-05-01,    -0.036
1969-06-01,    -0.039
1969-07-01,    -0.151
1969-08-01,    -0.243
1969-09-01,    -0.189
1969-10-01,    -0.065
1969-11-01,    -0.279
1969-12-01,    -0.117
1970-01-01,    -0.213
1970-02-01,    -0.408
1970-03-01,    -0.139
1970-04-01,    -0.390
1970-05-01,    -0.450
1970-06-01,    -0.171
1970-07-01,    -0.023
1970-08-01,    -0.244
1970-09-01,     0.023
1970-10-01,    -0.125
1970-11-01,    -0.359
1970-12-01,    -0.549
1971-01-01,    -0.958
1971-02-01,    -1.049
1971-03-01,    -1.177
1971-04-01,    -0.822
1971-05-01,    -0.631
1971-06-01,    -0.511
1971-07-01,    -0.397
1971-08-01,    -0.204
1971-09-01,    -0.101
1971-10-01,    -0.235
1971-11-01,    -0.626
1971-12-01,    -0.790
1972-01-01,    -0.582
1972-02-01,    -0.361
1972-03-01,    -0.757
1972-04-01,    -0.565
1972-05-01,    -0.462
1972-06-01,    -0.677
1972-07-01,    -0.652
1972-08-01,    -0.497
1972-09-01,    -0.290
1972-10-01,    -0.222
1972-11-01,    -0.484
1972-12-01,    -0.328
1973-01-01,     0.128
1973-02-01,    -0.022
1973-03-01,    -0.101
1973-04-01,     0.106
1973-05-01,    -0.113
1973-06-01,    -0.051
1973-07-01,     0.273
1973-08-01,     0.235
1973-09-01,     0.415
1973-10-01,     0.042
1973-11-01,    -0.357
1973-12-01,    -0.730
1974-01-01,    -1.010
1974-02-01,    -0.912
1974-03-01,    -0.936
1974-04-01,    -0.693
1974-05-01,    -0.546
1974-06-01,    -0.491
1974-07-01,    -0.157
1974-08-01,    -0.094
1974-09-01,     0.016
1974-10-01,     0.006
1974-11-01,    -0.398
1974-12-01,    -0.293
1975-01-01,    -0.383
1975-02-01,    -0.486
1975-03-01,    -0.515
1975-04-01,    -0.735
1975-05-01,    -0.543
1975-06-01,    -0.458
1975-07-01,    -0.146
1975-08-01,    -0.146
1975-09-01,     0.229
1975-10-01,    -0.082
1975-11-01,    -0.619
1975-12-01,    -0.832
1976-01-01,    -0.890
1976-02-01,    -0.731
1976-03-01,    -0.779
1976-04-01,    -0.811
1976-05-01,    -0.668
1976-06-01,    -0.766
1976-07-01,    -0.960
1976-08-01,    -0.658
1976-09-01,    -0.443
1976-10-01,    -0.458
1976-11-01,    -0.473
1976-12-01,    -0.598
1977-01-01,    -0.463
1977-02-01,    -0.470
1977-03-01,    -0.729
1977-04-01,    -0.348
1977-05-01,    -0.139
1977-06-01,    -0.148
1977-07-01,    -0.284
1977-08-01,    -0.252
1977-09-01,    -0.245
1977-10-01,    -0.498
1977-11-01,    -0.062
1977-12-01,    -0.127
1978-01-01,     0.317
1978-02-01,     0.201
1978-03-01,     0.206
1978-04-01,    -0.330
1978-05-01,    -0.385
1978-06-01,    -0.645
1978-07-01,    -0.430
1978-08-01,    -0.305
1978-09-01,    -0.366
1978-10-01,    -0.193
1978-11-01,    -0.144
1978-12-01,    -0.324
1979-01-01,    -0.364
1979-02-01,     0.053
1979-03-01,    -0.167
1979-04-01,    -0.180
1979-05-01,     0.050
1979-06-01,    -0.344
1979-07-01,    -0.236
1979-08-01,    -0.463
1979-09-01,    -0.237
1979-10-01,    -0.208
1979-11-01,    -0.256
1979-12-01,    -0.286
1980-01-01,    -0.274
1980-02-01,    -0.227
1980-03-01,    -0.179
1980-04-01,    -0.309
1980-05-01,    -0.105
1980-06-01,    -0.241
1980-07-01,     0.173
1980-08-01,     0.335
1980-09-01,     0.323
1980-10-01,     0.293
1980-11-01,     0.087
1980-12-01,     0.110
1981-01-01,    -0.227
1981-02-01,    -0.304
1981-03-01,    -0.152
1981-04-01,    -0.477
1981-05-01,    -0.427
1981-06-01,    -0.367
1981-07-01,     0.036
1981-08-01,     0.029
1981-09-01,     0.139
1981-10-01,     0.106
1981-11-01,    -0.278
1981-12-01,    -0.351
1982-01-01,    -0.540
1982-02-01,    -0.573
1982-03-01,    -0.416
1982-04-01,    -0.450
1982-05-01,    -0.472
1982-06-01,    -0.596
1982-07-01,    -0.528
1982-08-01,    -0.534
1982-09-01,    -0.566
1982-10-01,    -0.631
1982-11-01,    -0.384
1982-12-01,     0.126
1983-01-01,     0.465
1983-02-01,     0.679
1983-03-01,     0.791
1983-04-01,     0.715
1983-05-01,     0.236
1983-06-01,     0.149
1983-07-01,     0.001
1983-08-01,    -0.053
1983-09-01,     0.074
1983-10-01,     0.023
1983-11-01,     0.222
1983-12-01,    -0.114
1984-01-01,    -0.294
1984-02-01,    -0.597
1984-03-01,    -0.452
1984-04-01,    -0.502
1984-05-01,    -0.458
1984-06-01,    -0.406
1984-07-01,    -0.238
1984-08-01,    -0.135
1984-09-01,     0.038
1984-10-01,    -0.017
1984-11-01,    -0.142
1984-12-01,    -0.271
1985-01-01,    -0.071
1985-02-01,    -0.012
1985-03-01,    -0.111
1985-04-01,    -0.193
1985-05-01,    -0.356
1985-06-01,    -0.292
1985-07-01,    -0.136
1985-08-01,    -0.147
1985-09-01,    -0.212
1985-10-01,    -0.061
1985-11-01,    -0.472
1985-12-01,     0.057
1986-01-01,    -0.364
1986-02-01,    -0.197
1986-03-01,    -0.273
1986-04-01,    -0.177
1986-05-01,    -0.096
1986-06-01,    -0.016
1986-07-01,     0.152
1986-08-01,    -0.024
1986-09-01,    -0.127
1986-10-01,    -0.179
1986-11-01,     0.118
1986-12-01,     0.136
1987-01-01,    -0.011
1987-02-01,    -0.078
1987-03-01,     0.172
1987-04-01,     0.143
1987-05-01,     0.166
1987-06-01,    -0.020
1987-07-01,    -0.009
1987-08-01,     0.002
1987-09-01,    -0.061
1987-10-01,    -0.055
1987-11-01,     0.193
1987-12-01,    -0.013
1988-01-01,     0.025
1988-02-01,     0.462
1988-03-01,     0.512
1988-04-01,     0.163
1988-05-01,     0.231
1988-06-01,     0.053
1988-07-01,     0.098
1988-08-01,     0.285
1988-09-01,     0.277
1988-10-01,     0.300
1988-11-01,    -0.068
1988-12-01,    -0.273
1989-01-01,    -0.172
1989-02-01,    -0.342
1989-03-01,    -0.249
1989-04-01,    -0.177
1989-05-01,    -0.001
1989-06-01,     0.100
1989-07-01,     0.101
1989-08-01,     0.019
1989-09-01,     0.078
1989-10-01,     0.203
1989-11-01,     0.217
1989-12-01,     0.008
1990-01-01,     0.009
1990-02-01,     0.490
1990-03-01,     0.148
1990-04-01,     0.217
1990-05-01,     0.108
1990-06-01,     0.077
1990-07-01,     0.115
1990-08-01,     0.240
1990-09-01,    -0.020
1990-10-01,     0.154
1990-11-01,    -0.025
1990-12-01,     0.111
1991-01-01,     0.024
1991-02-01,     0.045
1991-03-01,     0.018
1991-04-01,    -0.113
1991-05-01,    -0.171
1991-06-01,    -0.140
1991-07-01,    -0.266
1991-08-01,    -0.353
1991-09-01,    -0.223
1991-10-01,    -0.161
1991-11-01,    -0.263
1991-12-01,    -0.207
1992-01-01,     0.165
1992-02-01,     0.210
1992-03-01,     0.345
1992-04-01,     0.246
1992-05-01,     0.371
1992-06-01,     0.666
1992-07-01,     0.470
1992-08-01,     0.419
1992-09-01,     0.435
1992-10-01,     0.158
1992-11-01,     0.051
1992-12-01,     0.028
1993-01-01,     0.019
1993-02-01,    -0.160
1993-03-01,    -0.074
1993-04-01,    -0.133
1993-05-01,    -0.057
1993-06-01,    -0.034
1993-07-01,    -0.052
1993-08-01,     0.045
1993-09-01,    -0.075
1993-10-01,    -0.224
1993-11-01,    -0.027
1993-12-01,    -0.072
1994-01-01,    -0.135
1994-02-01,    -0.144
1994-03-01,    -0.512
1994-04-01,    -0.546
1994-05-01,    -0.618
1994-06-01,    -0.766
1994-07-01,    -0.799
1994-08-01,    -1.033
1994-09-01,    -0.923
1994-10-01,    -0.729
1994-11-01,    -0.426
1994-12-01,    -0.327
1995-01-01,    -0.260
1995-02-01,    -0.138
1995-03-01,    -0.136
1995-04-01,     0.053
1995-05-01,     0.169
1995-06-01,     0.029
1995-07-01,     0.210
1995-08-01,     0.069
1995-09-01,     0.012
1995-10-01,     0.188
1995-11-01,     0.141
1995-12-01,    -0.211
1996-01-01,    -0.030
1996-02-01,    -0.009
1996-03-01,    -0.070
1996-04-01,     0.068
1996-05-01,    -0.146
1996-06-01,     0.001
1996-07-01,     0.252
1996-08-01,     0.187
1996-09-01,     0.173
1996-10-01,     0.377
1996-11-01,     0.247
1996-12-01,    -0.030
1997-01-01,    -0.328
1997-02-01,    -0.554
1997-03-01,    -0.231
1997-04-01,    -0.208
1997-05-01,    -0.249
1997-06-01,    -0.177
1997-07-01,    -0.482
1997-08-01,    -0.547
1997-09-01,    -0.588
1997-10-01,    -0.664
1997-11-01,    -0.868
1997-12-01,    -0.405
1998-01-01,     0.136
1998-02-01,     0.385
1998-03-01,     0.689
1998-04-01,     0.511
1998-05-01,     0.399
1998-06-01,     0.386
1998-07-01,     0.650
1998-08-01,     0.743
1998-09-01,     0.528
1998-10-01,     0.621
1998-11-01,     0.403
1998-12-01,     0.085
1999-01-01,    -0.119
1999-02-01,    -0.211
1999-03-01,    -0.169
1999-04-01,    -0.205
1999-05-01,    -0.250
1999-06-01,    -0.133
1999-07-01,    -0.231
1999-08-01,    -0.208
1999-09-01,    -0.071
1999-10-01,    -0.183
1999-11-01,    -0.125
1999-12-01,    -0.140
2000-01-01,    -0.179
2000-02-01,    -0.355
2000-03-01,    -0.389
2000-04-01,    -0.365
2000-05-01,    -0.368
2000-06-01,    -0.445
2000-07-01,    -0.377
2000-08-01,    -0.247
2000-09-01,    -0.001
2000-10-01,     0.005
2000-11-01,     0.118
2000-12-01,    -0.057
2001-01-01,    -0.055
2001-02-01,    -0.302
2001-03-01,    -0.089
2001-04-01,    -0.216
2001-05-01,    -0.110
2001-06-01,    -0.047
2001-07-01,     0.027
2001-08-01,     0.102
2001-09-01,     0.121
2001-10-01,     0.175
2001-11-01,     0.181
2001-12-01,     0.163
2002-01-01,     0.259
2002-02-01,    -0.033
2002-03-01,     0.134
2002-04-01,     0.298
2002-05-01,     0.052
2002-06-01,     0.025
2002-07-01,     0.157
2002-08-01,     0.075
2002-09-01,     0.007
2002-10-01,    -0.186
2002-11-01,    -0.083
2002-12-01,     0.305
2003-01-01,     0.206
2003-02-01,     0.226
2003-03-01,     0.187
2003-04-01,     0.190
2003-05-01,     0.106
2003-06-01,     0.018
2003-07-01,    -0.041
2003-08-01,    -0.087
2003-09-01,     0.115
2003-10-01,     0.178
2003-11-01,     0.049
2003-12-01,    -0.214
2004-01-01,     0.080
2004-02-01,    -0.101
2004-03-01,    -0.179
2004-04-01,    -0.008
2004-05-01,     0.056
2004-06-01,    -0.106
2004-07-01,    -0.105
2004-08-01,    -0.005
2004-09-01,     0.022
2004-10-01,    -0.090
2004-11-01,     0.104
2004-12-01,     0.166
2005-01-01,     0.117
2005-02-01,     0.513
2005-03-01,     0.473
2005-04-01,     0.033
2005-05-01,     0.113
2005-06-01,     0.167
2005-07-01,     0.308
2005-08-01,     0.250
2005-09-01,     0.431
2005-10-01,     0.266
2005-11-01,     0.019
2005-12-01,    -0.106
2006-01-01,    -0.272
2006-02-01,     0.049
2006-03-01,    -0.016
2006-04-01,    -0.140
2006-05-01,     0.097
2006-06-01,    -0.063
2006-07-01,    -0.108
2006-08-01,    -0.168
2006-09-01,    -0.422
2006-10-01,    -0.538
2006-11-01,    -0.246
2006-12-01,     0.079
2007-01-01,     0.026
2007-02-01,     0.127
2007-03-01,    -0.047
2007-04-01,    -0.055
2007-05-01,    -0.093
2007-06-01,     0.181
2007-07-01,    -0.062
2007-08-01,    -0.115
2007-09-01,    -0.194
2007-10-01,    -0.209
2007-11-01,    -0.201
2007-12-01,    -0.028
2008-01-01,    -0.168
2008-02-01,    -0.291
2008-03-01,    -0.578
2008-04-01,    -0.344
2008-05-01,    -0.513
2008-06-01,    -0.424
2008-07-01,    -0.412
2008-08-01,    -0.188
2008-09-01,     0.059
2008-10-01,     0.007
2008-11-01,     0.012
2008-12-01,    -0.105
2009-01-01,    -0.124
2009-02-01,    -0.205
2009-03-01,    -0.066
2009-04-01,    -0.180
2009-05-01,    -0.187
2009-06-01,     0.125
2009-07-01,     0.376
2009-08-01,     0.361
2009-09-01,     0.226
2009-10-01,     0.305
2009-11-01,     0.196
2009-12-01,     0.208
2010-01-01,     0.090
2010-02-01,     0.476
2010-03-01,     0.140
2010-04-01,     0.224
2010-05-01,     0.313
2010-06-01,     0.319
2010-07-01,     0.250
2010-08-01,     0.232
2010-09-01,     0.139
2010-10-01,     0.359
2010-11-01,     0.241
2010-12-01,    -0.042
2011-01-01,    -0.434
2011-02-01,    -0.389
2011-03-01,    -0.490
2011-04-01,    -0.467
2011-05-01,    -0.185
2011-06-01,    -0.139
2011-07-01,    -0.273
2011-08-01,    -0.223
2011-09-01,    -0.188
2011-10-01,    -0.187
2011-11-01,    -0.151
2011-12-01,     0.101
2012-01-01,    -0.159
2012-02-01,    -0.151
2012-03-01,    -0.280
2012-04-01,     0.026
2012-05-01,     0.287
2012-06-01,    -0.066
2012-07-01,    -0.421
2012-08-01,    -0.358
2012-09-01,    -0.077
2012-10-01,     0.116
2012-11-01,     0.121
2012-12-01,    -0.054
2013-01-01,     0.119
2013-02-01,     0.044
2013-03-01,     0.043
2013-04-01,     0.155
2013-05-01,     0.218
2013-06-01,     0.227
2013-07-01,     0.057
2013-08-01,     0.075
2013-09-01,     0.127
2013-10-01,     0.155
2013-11-01,     0.026
2013-12-01,    -0.152
2014-01-01,     0.024
2014-02-01,     0.001
2014-03-01,     0.052
2014-04-01,     0.079
2014-05-01,     0.255
2014-06-01,     0.160
2014-07-01,     0.393
2014-08-01,     0.297
2014-09-01,     0.140
2014-10-01,     0.011
2014-11-01,     0.261
2014-12-01,     0.130
2015-01-01,     0.017
2015-02-01,     0.192
2015-03-01,     0.225
2015-04-01,     0.137
2015-05-01,     0.207
2015-06-01,     0.134
2015-07-01,     0.293
2015-08-01,     0.022
2015-09-01,     0.302
2015-10-01,     0.105
2015-11-01,     0.253
2015-12-01,     0.495
2016-01-01,     0.531
2016-02-01,     0.559
2016-03-01,     0.852
2016-04-01,     0.560
2016-05-01,     0.543
2016-06-01,     0.548
2016-07-01,     0.620
2016-08-01,     0.598
2016-09-01,     0.501
2016-10-01,     0.364
2016-11-01,     0.381
2016-12-01,     0.427
2017-01-01,     0.130
2017-02-01,    -0.043
2017-03-01,    -0.328
2017-04-01,    -0.377
2017-05-01,    -0.233
2017-06-01,    -0.226
2017-07-01,    -0.094
2017-08-01,     0.082
2017-09-01,     0.141
2017-10-01,     0.238
2017-11-01,    -0.194
2017-12-01,    -0.289
2018-01-01,    -0.189
2018-02-01,    -0.148
2018-03-01,     0.099
2018-04-01,     0.135
2018-05-01,    -0.072
2018-06-01,    -0.181
2018-07-01,    -0.197
2018-08-01,    -0.134
2018-09-01,    -0.276
2018-10-01,    -0.296
2018-11-01,    -0.133
2018-12-01,     0.012
2019-01-01,     0.006
2019-02-01,    -0.112
2019-03-01,     0.029
2019-04-01,     0.119
2019-05-01,    -0.068
2019-06-01,    -0.099
2019-07-01,    -0.264
2019-08-01,    -0.184
2019-09-01,    -0.636
2019-10-01,    -0.245
2019-11-01,    -0.168
2019-12-01,     0.236
2020-01-01,     0.503
2020-02-01,     0.521
2020-03-01,     0.367
2020-04-01,     0.523
2020-05-01,     0.136
2020-06-01,     0.059
2020-07-01,     0.124
2020-08-01,     0.290
2020-09-01,     0.193
2020-10-01,     0.082
2020-11-01,     0.083
2020-12-01,     0.004
2021-01-01,    -0.128
2021-02-01,    -0.182
2021-03-01,    -0.136
2021-04-01,    -0.214
2021-05-01,     0.026
2021-06-01,    -0.011
2021-07-01,     0.320
2021-08-01,     0.146
2021-09-01,     0.136
2021-10-01,     0.022
2021-11-01,    -0.033
2021-12-01,     0.245
2022-01-01,     0.295
2022-02-01,     0.119
2022-03-01,     0.131
2022-04-01,     0.225
2022-05-01,     0.065
2022-06-01,     0.244
2022-07-01,    -0.036
2022-08-01,     0.170
2022-09-01,     0.227
2022-10-01,     0.342
2022-11-01,     0.134
2022-12-01,     0.091
2023-01-01,    -0.193
2023-02-01,    -0.214
2023-03-01,    -0.284
2023-04-01,    -0.148
2023-05-01,    -0.021
2023-06-01,    -0.064
2023-07-01,    -0.001
2023-08-01,    -0.075
2023-09-01,    -0.216
2023-10-01,    -0.020
2023-11-01,    -0.083
2023-12-01,     0.160
2024-01-01,     0.384
2024-02-01,     0.749
2024-03-01,     0.303
2024-04-01,     0.342
2024-05-01,     0.323
2024-06-01,     0.346
2024-07-01,     0.585
2024-08-01,     0.351
2024-09-01,     0.442
2024-10-01,     0.639
2024-11-01,     0.818
2024-12-01,     0.261
2025-01-01,     0.080
2025-02-01,     0.114
2025-03-01,     0.154
2025-04-01,     0.222
2025-05-01,     0.275
2025-06-01,     0.407
2025-07-01,     0.474
2025-08-01,     0.567
2025-09-01,     0.576
2025-10-01,     0.514
2025-11-01,     0.190
2025-12-01,     0.212
2026-01-01,    -0.018
2026-02-01,    -0.202
2026-03-01,    -0.060
2026-04-01,     0.002
2026-05-01,     0.121
