district_id,cell_row,cell_col,weight
3,10,13,0.011262018364175617
3,10,15,0.29303418528077807
3,10,14,0.39778857128372347
3,11,15,0.2508212929878089
3,11,14,0.0005160089508137306
3,11,16,0.04657792313270021
4,10,15,0.8152523233998809
4,11,15,0.006213701366078103
4,10,16,0.17390948604079282
4,11,16,0.00462448919324818
5,7,10,0.6262650900390451
5,7,9,0.13253015315217523
5,7,11,0.04921374531483272
5,8,10,0.1778526548226727
5,8,9,0.012548863169782836
5,8,11,0.0015894935014914887
6,6,12,0.12137461930861125
6,6,11,0.48305732020116576
6,7,12,0.209284541423791
6,7,11,0.18628351906643198
7,8,13,0.6047552597751193
7,8,12,0.08242953542486461
7,9,13,0.26062697971667553
7,9,12,0.052188225083340416
8,5,11,0.18432334814300427
8,6,12,0.3523379299812367
8,6,11,0.46333872187575903
9,9,15,0.4294585466950841
9,9,14,0.5705414533049159
10,9,15,0.030890068114518693
10,9,14,0.36790755951802656
10,10,15,0.030203541432104714
10,10,14,0.57099883093535
11,9,13,0.1382079912927448
11,9,14,0.391147213280508
11,10,13,0.0625799936045419
11,10,14,0.4080648018222053
12,8,13,0.0026115235766366804
12,9,13,0.9973884764233633
13,9,15,0.2257975621546416
13,10,15,0.7329637416183693
13,10,14,0.0412386962269891
14,8,13,0.11059703056693815
14,8,14,0.044254597647677724
14,9,13,0.46239625896800257
14,9,14,0.3827521128173816
15,8,10,0.8981477848235188
15,8,9,0.0009021169755094438
15,8,11,0.10095009820097182
16,7,11,0.023340379595225145
16,8,10,0.1157702416739546
16,8,11,0.81371559332997
16,9,11,0.04717378540085019
17,9,13,0.8662662820582657
17,10,13,0.1337308242456901
17,9,12,2.8936960442598858e-06
18,8,12,0.04937164804232443
18,9,13,0.3023096260386003
18,9,12,0.6483187259190751
19,11,15,1.1186085605966395e-05
19,11,16,0.9364200831391062
19,12,16,0.06356873077528792
20,8,13,0.06730382859333578
20,8,12,0.6640301374460803
20,8,11,0.14440712040672923
20,9,11,0.01369167977390919
20,9,12,0.11056723377994565
21,7,13,0.12159514874319279
21,8,13,0.014180101755679268
21,7,12,0.7153703409252532
21,8,12,0.1488544085758747
22,6,9,0.0017171898079173132
22,6,11,0.07768935648211509
22,6,10,0.23080413294297603
22,7,10,0.4735164454711798
22,7,9,0.01463200952938939
22,7,11,0.20164086576642234
23,11,17,0.5465895040183227
23,11,16,0.3975930888063973
23,12,17,0.055817407175280005
24,6,12,0.6664490580993016
24,6,11,0.0005684367940413589
24,6,13,0.1620958721797845
24,7,13,0.04244523033664656
24,7,12,0.12844140259022616
25,10,16,0.9428225835832976
25,11,16,0.057177416416702306
26,10,16,0.08690352739626937
26,11,16,0.9130964726037306
27,9,14,1.0
521,9,15,1.0
28,7,10,0.0018767021364344517
28,7,12,0.15006824917315179
28,7,11,0.7611934716321748
28,8,12,0.01660900218133979
28,8,11,0.07025257487689916
0,0,26,1.0
1,5,25,1.0
2,4,25,0.7850544883653892
2,5,25,0.21494551163461081
29,20,30,0.11899160200546534
29,20,29,0.24933688479363167
29,21,29,0.44037637358166226
29,21,30,0.1912951396192406
31,19,28,0.02223821789939973
31,20,28,0.23608520554971213
31,20,30,0.0440817642117953
31,20,29,0.6975948123390928
32,21,29,0.2786489873023941
32,21,28,0.4149927691723777
32,22,28,0.19325218593386342
32,22,29,0.1131060575913647
33,20,25,0.5684377876439147
33,20,26,0.4315622123560853
34,20,28,0.408135160098273
34,21,28,0.591864839901727
38,20,25,0.04976807284639641
38,20,26,0.41798072343610615
38,21,25,0.14656515288788946
38,21,26,0.3856860508296079
42,20,28,0.06418315682425482
42,21,29,0.2557854300889324
42,21,28,0.6800314130868127
47,19,26,0.049346600327094224
47,20,26,0.9088662315197564
47,20,27,0.041787168153149305
50,20,25,0.44666209123936673
50,20,24,0.5533379087606333
51,19,28,0.45376870287737714
51,20,28,0.546231297122623
52,21,27,0.29562901917338746
52,21,28,0.4054185848219319
52,22,28,0.05320410812615822
52,22,27,0.2457482878785224
53,20,26,0.0022393631534572485
53,20,27,0.09421350495739766
53,21,27,0.33209134837130194
53,21,26,0.5714557835178432
54,19,25,0.10244499903887687
54,20,25,0.8975550009611232
48,21,27,0.9344466836305687
48,21,26,0.012115238510899178
48,22,27,0.0534380778585321
45,20,28,0.4051551686575977
45,20,29,0.5948448313424023
55,20,27,0.006250370225536146
55,21,27,0.9937496297744638
49,21,27,0.7737939068726584
49,21,28,0.22620609312734166
41,19,28,0.8646509803745415
41,20,28,0.1353490196254585
46,19,25,0.027975312267358964
46,19,26,0.13229405809745917
46,20,25,0.33168089043934157
46,20,26,0.5080497391958403
43,20,27,0.8338132339789837
43,21,27,0.024133862956597713
43,20,28,0.12888337938641614
43,21,28,0.013169523678002566
39,20,27,0.8487754883719332
39,21,27,0.1512245116280668
30,20,25,1.0
37,20,26,0.5238239655516601
37,21,26,0.47617603444833984
35,20,26,0.19070151596088622
35,20,27,0.8092984840391138
36,20,26,0.9656199928912962
36,20,27,0.03438000710870382
44,20,26,0.9991715660527428
44,20,27,0.0008284339472571757
78,19,23,0.7202965698566501
78,19,22,0.27970343014334986
63,19,23,1.0
89,19,25,0.5217659394522053
89,19,24,0.4782340605477948
57,19,23,0.1772442888221998
57,19,24,0.8227557111778002
66,18,23,0.06393007415380239
66,18,22,0.15533245462465947
66,19,23,0.4434802366496344
66,19,22,0.3372572345719037
64,19,25,0.537796096666298
64,19,24,0.4622039033337019
76,18,26,0.27357783275154
76,19,25,0.04497808188529225
76,19,26,0.6814440853631678
68,17,26,0.0026411764282156798
68,18,26,0.5483491805405412
68,18,25,0.44900964303124313
61,17,26,0.21515248715220686
61,17,25,0.6162032045998374
61,18,26,0.012071651051361246
61,18,25,0.15657265719659466
77,17,25,1.0
71,17,25,1.0
90,18,26,0.005642377172951806
90,18,25,0.857479752317759
90,19,25,0.13687787050928912
73,19,27,0.9963519059918688
73,19,26,0.0036480940081310893
70,18,26,0.0870652335747165
70,19,27,0.16880889652823972
70,19,26,0.7441258698970438
85,19,25,0.9792970482914989
85,20,25,0.02070295170850123
65,20,27,0.7344402641078395
65,20,28,0.26555973589216053
62,19,27,0.11567477746054122
62,20,27,0.29452457116314645
62,19,28,0.074101744356939
62,20,28,0.5156989070193734
88,20,28,0.9993832428917576
88,20,29,0.0006167571082424175
79,19,27,0.019538053985547272
79,19,26,0.11658807694996982
79,20,26,0.18392135217933633
79,20,27,0.6799525168851466
80,19,27,0.4507664786363072
80,19,26,0.26182355331680834
80,20,27,0.2874099680468845
84,19,27,0.6011218010721139
84,20,27,0.39887819892788623
82,18,25,0.009305623358293876
82,19,25,0.8594844159636459
82,19,26,0.13120996067806034
81,19,25,0.9942674840260982
81,19,24,0.0057325159739019076
74,19,25,0.28354918834256115
74,18,24,0.00018169661844223247
74,19,24,0.7162691150389966
83,19,24,1.0
69,18,24,0.03723015848643812
69,18,23,0.2332934947660267
69,19,23,0.7062233247191647
69,19,24,0.023253022028370266
60,19,23,1.0
75,18,24,0.32891777177749126
75,19,23,0.007659751851303746
75,19,24,0.6634224763712051
67,20,27,0.40052964999354845
67,20,28,0.5994703500064515
72,18,26,0.36783268008720676
72,18,25,0.19028434353429002
72,19,25,0.36150923980024013
72,19,26,0.080373736578263
87,19,24,1.0
59,19,25,0.06058528560292472
59,19,26,0.9394147143970752
58,19,23,0.622811193539323
58,19,24,0.377188806460677
56,19,23,0.012505032809507797
56,19,24,0.9874949671904921
86,18,23,0.014404290608342462
86,18,22,0.9855957093916575
91,18,20,0.05861652752311906
91,19,20,0.941383472476881
92,18,17,1.0
93,17,17,0.8799235719632864
93,18,17,0.12007642803671353
94,17,20,0.14305595262060747
94,17,19,0.6709053567251084
94,18,19,0.13105309279516814
94,18,20,0.05498559785911599
95,18,19,0.7948478244062792
95,18,18,0.2051521755937207
96,18,19,0.3811930705769478
96,18,20,0.6188069294230522
97,18,17,1.0
98,18,16,0.2782037822262506
98,18,17,0.7217962177737495
99,18,19,0.25592133702139097
99,18,18,0.018890038237192913
99,19,18,0.4039183296145347
99,19,19,0.3212702951268813
100,17,18,0.4140742325907564
100,17,17,0.534931399940092
100,18,18,0.0222613654247009
100,18,17,0.028733002044450586
101,19,17,0.9607974642477293
101,19,16,0.0392025357522707
102,17,18,0.0011989176833808472
102,17,17,0.003884698376867717
102,18,18,0.5489608069820403
102,18,17,0.44595557695771126
103,17,18,0.0652326051441561
103,17,19,0.8569697074813815
103,18,19,0.07581970903977536
103,18,18,0.0019779783346872033
104,17,16,0.4917392388009099
104,18,16,0.5082607611990901
105,18,20,0.9655397704074994
105,18,21,0.03446022959250067
106,18,19,1.0
107,19,21,0.3488148805312026
107,19,20,0.6511851194687974
108,17,18,0.0032578112855398784
108,17,19,0.022019511291299462
108,18,19,0.8470581530554524
108,18,18,0.12766452436770834
109,18,19,0.6626425800726685
109,18,20,0.12801845185834393
109,19,20,0.03687521600960597
109,19,19,0.17246375205938164
110,19,18,0.19667595893201548
110,19,19,0.8033240410679845
111,17,19,0.03826554904323943
111,18,19,0.9617344509567607
112,18,18,0.08925983344285851
112,18,17,0.0002297545723560856
112,19,17,0.09695146202780022
112,19,18,0.8135589499569851
113,17,18,0.012572555921368784
113,18,18,0.9874274440786313
114,17,18,0.9183185538895833
114,17,19,0.007459048375479521
114,18,18,0.07422239773493725
115,19,17,0.37457830221299965
115,20,16,0.06056914218781855
115,20,17,0.5648525555991818
116,18,19,0.012783506764988125
116,18,18,0.6268671139264549
116,18,17,0.360349379308557
117,19,17,0.6409186670220697
117,20,17,0.0032189716545839046
117,19,18,0.3558623613233464
118,18,19,0.0004995888373425559
118,18,20,0.9243489199998464
118,19,20,0.07515149116281095
119,17,16,0.33669635935238934
119,17,17,0.14557866352475812
119,18,16,0.14828935276713362
119,18,17,0.3694356243557189
120,18,19,0.942771902179737
120,19,19,0.05722809782026294
121,18,19,0.2479206667725666
121,18,18,0.7154950994447071
121,19,18,0.03658423378272636
122,18,18,0.1929563262695804
122,18,17,0.5691193606594808
122,19,17,0.23769530855587315
122,19,18,0.00022900451506585224
123,17,18,0.02155238123698147
123,18,19,0.007679168070126005
123,18,18,0.9707684506928925
124,19,18,1.0
125,19,18,1.0
126,18,17,0.06411483443407927
126,19,17,0.9358851655659207
127,18,19,0.0004197028639208076
127,19,20,0.17353135395625202
127,19,19,0.8260489431798271
128,18,18,0.994458179449171
128,19,18,0.005541820550829011
144,14,13,0.0836902881794643
144,14,14,0.2871977415220088
144,15,13,0.030313067915327067
144,15,14,0.5987989023831998
141,15,15,0.4361046325501577
141,15,14,0.440855958286942
141,16,14,0.030531767131096364
141,16,15,0.0925076420318039
160,15,15,0.08462659776626404
160,16,15,0.6212844446594039
160,16,16,0.2940889575743322
132,16,15,0.055955614637963426
132,16,17,0.025741464022227583
132,16,16,0.8862542345110416
132,17,16,0.03204868682876753
152,14,15,0.007994775253142867
152,14,14,0.1390492031668158
152,15,14,0.8529560215800414
137,11,14,0.8190625704770714
137,12,14,0.18093742952292854
135,11,13,0.5748429846812686
135,11,14,0.14164425333588024
135,12,13,0.24606895144740218
135,12,14,0.03744381053544903
133,11,15,0.10836427185376142
133,11,14,0.2282037368129877
133,12,15,0.19549409172271304
133,12,14,0.4679378996105378
159,10,13,0.0029797338319376932
159,10,14,0.17803906854703574
159,11,13,0.022477867413962932
159,11,14,0.7965033302070637
146,12,15,0.03438786990265818
146,12,14,0.789562894907843
146,13,14,0.17604923518949883
153,12,13,0.3956932409802328
153,12,14,0.6043067590197672
162,12,13,0.14878067392398528
162,12,14,0.1402764413871025
162,13,13,0.2142997579017587
162,13,14,0.4966431267871536
140,12,15,0.14341754884700025
140,13,15,0.7653293494637556
140,13,14,0.06630889978474896
140,14,15,0.015508987413652916
140,14,14,0.009435214490842213
138,13,15,0.13212559469258617
138,13,14,0.8640543404789607
138,14,14,0.003820064828453231
130,13,13,0.11744164386851957
130,13,14,0.8373179808915717
130,14,13,0.0007445495708345296
130,14,14,0.04449582566907409
149,13,15,0.09718214466879573
149,14,15,0.7338073562059023
149,14,14,0.0011182477774933288
149,14,16,0.1678922513478088
139,13,14,0.10364155198149272
139,14,14,0.8963584480185073
155,13,14,0.020113352176461444
155,14,15,0.10263391797968921
155,14,14,0.8772527298438494
134,14,14,0.9954465878885653
134,15,14,0.004553412111434723
136,14,15,0.21776027851138138
136,14,14,0.0008620319474712119
136,15,15,0.5337016853485125
136,15,14,0.247676004192635
147,15,15,0.9292871912591232
147,16,15,5.485242102756622e-07
147,15,16,0.07071226021666656
143,15,17,0.22080519385572023
143,15,16,0.5562734842670273
143,16,17,0.034616494630436326
143,16,16,0.18830482724681621
161,15,15,0.1681987939435324
161,16,15,0.0324349692931192
161,15,16,0.4970989832206197
161,16,16,0.3022672535427287
145,14,13,0.6678683210679152
145,14,14,0.3321316789320849
156,13,13,0.26922394277477957
156,13,14,0.001219776496665397
156,14,13,0.5207072085933109
156,14,14,0.2088490721352441
151,13,13,0.9993341163090258
151,13,14,0.0006658836909742888
142,14,15,0.6183831798767218
142,15,15,0.38161682012327836
157,14,15,0.42434250891055736
157,15,15,0.2047245553345201
157,14,16,0.36112014444035095
157,15,16,0.009812791314571597
154,14,15,8.227263244224796e-05
154,15,15,0.0071167569945345234
154,14,16,0.2189539182798137
154,15,16,0.7738470520932096
148,15,15,0.022321028904301196
148,16,15,0.9776789710956988
150,15,15,0.02087196883039165
150,16,14,0.3371985090052527
150,16,15,0.6419295221643556
158,14,15,0.3813153704257289
158,14,16,0.6186846295742711
131,14,15,0.8106687668145033
131,14,14,0.18933123318549674
168,21,10,1.0
176,21,10,0.30302080516730584
176,21,9,0.6969791948326941
177,21,10,0.8814786329789502
177,21,9,0.11852136702104973
166,21,10,1.0
167,21,10,1.0
169,21,10,1.0
170,21,10,0.9498751983430317
170,21,9,0.05012480165696833
173,21,10,1.0
171,21,10,1.0
175,21,10,1.0
174,21,10,1.0
172,21,10,0.6467218629778966
172,21,9,0.3532781370221034
178,8,6,0.5606910182248063
178,8,7,0.43930898177519373
179,7,7,0.08933443608422052
179,8,6,0.19528185517728736
179,8,7,0.7153837087384921
163,13,6,0.832190490963555
163,13,5,0.1678095090364451
164,13,5,1.0
165,13,3,0.9913629613855252
165,13,4,0.008637038614474834
180,14,5,0.002569136647775124
180,15,4,0.04818580600131759
180,15,5,0.6598497466898869
180,16,5,0.23669375970475323
180,16,4,0.05270155095626719
181,13,4,0.0836842650952746
181,14,4,0.7789570518420248
181,14,3,0.13377289422657393
181,15,4,0.003585788836126723
182,15,6,0.1845676321242195
182,15,5,0.8154323678757806
183,16,5,0.006068867417695335
183,16,6,0.9939311325823046
184,16,5,0.012247761320351089
184,16,4,0.04886741656646543
184,17,5,0.4650243317309314
184,17,4,0.47273736661834515
184,17,6,0.0011231237639069186
185,14,6,0.3839307497630282
185,15,6,0.0011966539769169577
185,14,5,0.43754014388364165
185,15,5,0.1773324523764132
186,13,4,3.0172160243846934e-05
186,14,5,0.29861827114902656
186,14,4,0.6533444260188035
186,15,4,0.028280158392853038
186,15,5,0.01972697227907308
187,14,4,0.24569174536690022
187,15,4,0.7345864450932559
187,15,5,0.01972180953984386
188,14,6,0.06967395603939275
188,14,7,0.03310559686485957
188,15,6,0.6712871650239087
188,15,7,0.22593328207183894
189,15,6,0.2214253283587184
189,15,7,0.5280634838898015
189,16,6,0.03849877130248906
189,16,7,0.21201241644899096
190,13,6,0.9941716087769
190,14,6,0.00582839122310005
191,14,2,0.2511195540254527
191,15,2,0.7239730405939662
191,15,1,0.024907405380581015
192,15,5,0.0001816254150499812
192,16,5,0.9957545857920015
192,16,6,0.004063788792948535
193,13,3,0.6404440522692683
193,13,4,0.19636156046127506
193,14,4,0.004905058128020622
193,14,3,0.15828932914143598
213,15,2,0.6232585804651011
213,15,3,0.376741419534899
194,14,2,0.04802851870112683
194,15,2,0.1846313814361463
194,14,3,0.071685421235597
194,15,3,0.6956546786271298
195,13,3,0.011434081956100435
195,14,2,0.012060462577565831
195,13,4,0.003625586845105037
195,14,4,0.027462036735285657
195,14,3,0.945417831885943
196,15,2,0.04327369755499127
196,15,1,0.0006416832061415271
196,15,3,0.0029714512121128134
196,16,3,0.2333869916186092
196,16,1,0.1337467779752805
196,16,2,0.2776676702524355
196,17,1,0.01795755440532741
196,17,3,0.08297962886605864
196,17,2,0.06515475072442573
196,16,4,0.08868460010677728
196,17,4,0.05353519407784012
197,15,6,0.3198541407836554
197,15,5,0.5226938486426336
197,16,5,0.03160496930484772
197,16,6,0.12584704126886323
198,16,5,0.948252463455892
198,16,4,0.009965186342038003
198,17,5,0.04178235020207015
199,15,6,0.055839536618207904
199,16,6,0.942655331477702
199,16,7,0.0015051319040900659
200,15,4,0.22151675546787675
200,15,3,0.5302791034521043
200,16,3,0.12425835781426782
200,16,4,0.12394578326575116
201,14,6,0.9577429725257159
201,15,6,0.042257027474284135
202,13,6,0.6355842703923313
202,14,6,0.006644386964861462
202,13,5,0.2765175098111747
202,14,5,0.08125383283163261
203,15,6,0.933808887060734
203,16,6,0.06619111293926605
204,16,5,0.2607302653542372
204,16,4,0.6917218731624781
204,17,5,0.04600760131993737
204,17,4,0.0015402601633473017
205,14,2,0.9303515515697759
205,14,3,0.0696484484302241
206,14,4,0.03931163119398448
206,14,3,0.4373382021935981
206,15,4,0.1780135083261665
206,15,3,0.34533665828625093
207,16,5,0.35930598138290637
207,16,6,0.39638250330105934
207,17,5,0.049954435014926725
207,17,6,0.19435708030110752
208,13,6,0.06333158994101697
208,14,6,0.5433889704755638
208,14,5,0.3932794395834192
209,15,4,0.7231938753971112
209,15,5,0.0387858681418654
209,16,5,0.0011833198440290736
209,16,4,0.23683693661699426
210,13,6,0.1675469807758824
210,14,6,0.727170758950636
210,14,7,0.10528226027348155
211,14,6,0.13023866992381503
211,15,6,0.7935064634240079
211,14,5,0.0001810078061171723
211,15,5,0.0760738588460599
212,13,6,0.6846365189263703
212,13,5,0.31536348107362977
214,23,9,0.5596068302876004
214,23,10,0.4403931697123997
215,21,8,0.6600596763688182
215,21,9,0.30299950889000343
215,22,9,0.027781030603807138
215,22,8,0.009159784137371028
216,21,8,0.1908740848462341
216,21,9,0.8091259151537658
217,21,10,1.0
218,22,8,1.0
219,21,10,0.39954103699692295
219,21,9,0.600458963003077
220,21,8,0.05790902671733394
220,21,9,0.0004053728928305205
220,22,9,0.2479374137204754
220,22,8,0.6937481866693601
221,21,9,1.0
222,22,9,0.9531428852949787
222,22,8,0.04685711470502124
223,22,9,0.8679871297717733
223,23,9,0.13201287022822672
224,22,10,0.3137111984399246
224,22,9,0.6862888015600754
225,22,10,0.0345002537666724
225,22,9,0.3264953624289871
225,23,9,0.562022771196705
225,23,10,0.07698161260763557
226,20,8,0.02541251451957609
226,21,8,0.07774692978078937
226,20,9,0.17300656078582397
226,21,9,0.7238339949138106
227,20,9,0.18671573079517795
227,20,10,0.37804593109047874
227,21,10,0.2578454988796891
227,21,9,0.17739283923465413
228,20,10,0.32187816221625676
228,21,10,0.6781218377837434
229,23,9,0.6169708675562581
229,23,10,0.38302913244374187
230,22,10,0.34297430618111124
230,22,9,0.6570256938188888
231,20,9,0.009450696928355602
231,21,9,0.9905493030716445
232,21,9,0.7932283709403485
232,22,9,0.20677162905965138
233,22,8,0.3555567635758655
233,22,7,0.6444432364241345
234,21,10,0.15033476312529215
234,21,9,0.18307500939565133
234,22,10,0.13850863092849064
234,22,9,0.5280815965505657
235,22,10,0.0362872778176714
235,23,10,0.9637127221823286
236,24,9,1.0
244,23,10,0.1522867253943361
244,24,10,0.7469680883620593
244,24,9,0.00019943125230831825
244,24,11,0.10054575499129627
240,24,10,0.09970164563949137
240,24,11,0.8718734772644372
240,25,11,0.028272043396162988
240,24,12,0.0001528336999086008
246,23,9,0.18235094739457347
246,23,10,0.21647013846697283
246,24,10,0.0696234131548378
246,24,9,0.5315555009836158
245,23,10,0.9979756810478618
245,24,10,0.0020243189521381645
241,24,10,0.6158400613454365
241,24,9,0.0016028979653512955
241,25,10,0.3696911460517701
241,25,9,0.012865894637441953
237,25,8,0.09749730281028485
237,26,9,0.13368725052832914
237,25,9,0.768815446661386
243,24,10,0.47150678986404504
243,24,9,0.48785527230044484
243,25,9,0.04063793783551005
239,24,8,0.0250211979812962
239,24,9,0.23345804020255312
239,25,8,0.2076866494562723
239,25,10,0.020101571525491916
239,25,9,0.5137325408343865
238,24,9,1.0
247,24,8,0.03357896880591552
247,24,9,0.9664210311940844
242,24,10,0.030949776635223036
242,24,11,0.03749890962596331
242,25,11,0.24277076359546945
242,25,10,0.5103275076451407
242,26,9,0.022393404635519882
242,25,9,0.15605963786268376
259,25,7,0.15189666602112678
259,25,6,0.008169996500594742
259,26,7,0.19330621354017932
259,26,6,0.6466271239380992
260,27,6,0.6190766624484954
260,26,7,0.008390134530219672
260,26,6,0.0009323282866439066
260,27,7,0.28515162829898666
260,28,7,0.08644924643565441
262,27,6,0.07708411066236286
262,26,7,0.5312930345559896
262,26,6,0.39128423580378335
262,27,7,0.00033861897786418806
248,26,8,0.6913373012233215
248,27,8,0.30866269877667846
251,27,6,0.06062570495219039
251,26,7,0.05118029438946042
251,27,7,0.8881940006583492
255,25,8,1.0
269,25,8,0.7618726130107251
269,25,7,0.006741020371354466
269,26,7,0.007518201663758123
269,26,8,0.22386816495416254
249,26,7,0.761585294085915
249,27,7,0.238414705914085
250,27,7,0.6487008982540206
250,27,8,0.3512991017459794
253,27,7,0.47611312326553257
253,27,8,0.5238868767344674
257,26,7,0.6908716900867958
257,26,8,0.30912830991320417
258,27,6,0.1719472818021908
258,27,7,0.8280527181978092
261,26,7,0.3928575177216607
261,26,8,0.3435493036916136
261,27,7,0.044837477164658635
261,27,8,0.218755701422067
263,25,7,0.013999712244162995
263,26,7,0.9860002877558369
264,26,7,0.028626033453187524
264,26,8,0.9713739665468125
265,25,7,0.052385663019639234
265,26,7,0.8923952070291118
265,26,8,0.05521912995124897
267,26,7,0.9540660080811478
267,26,8,0.04593399191885222
268,27,7,0.9998110773757644
268,27,8,0.00018892262423568208
256,26,9,0.43759616030408716
256,26,8,0.5111508758111459
256,27,8,0.05125296388476688
252,25,8,0.19989757062541344
252,26,9,0.11493346226527555
252,25,9,0.02773403557839509
252,26,8,0.6574349315309159
266,25,8,0.7594952262554279
266,25,7,0.2405047737445721
254,25,8,0.07381335982082124
254,25,7,0.8601610336746148
254,26,7,0.06602560650456388
276,16,17,0.01085015661834107
276,16,16,0.33164659781193545
276,17,16,0.6575032455697236
271,16,18,0.07619949477591817
271,16,17,0.0765151464473868
271,17,18,0.25394708739898353
271,17,17,0.5933382713777114
283,17,18,1.0
277,16,18,0.015083256278816359
277,17,18,0.305678334145906
277,16,19,0.05573562231710382
277,17,19,0.6235027872581739
272,17,20,0.018921348598337495
272,17,19,0.9810786514016626
278,17,20,0.745924063918212
278,18,20,0.2540759360817881
290,17,20,0.5240045471049227
290,18,20,0.4759954528950772
286,17,20,1.0
273,16,19,0.9682978781445605
273,17,19,0.03170212185543955
270,16,18,0.5255060610287288
270,16,19,0.4744939389712712
285,16,17,1.0
275,15,19,0.9988426792991797
275,16,19,0.001157320700820276
287,16,17,0.1447024800933685
287,16,16,0.03517766646336113
287,17,16,0.18627861912943738
287,17,17,0.633841234313833
284,16,17,0.9844671541918121
284,16,16,0.007850703921168198
284,17,17,0.007682141887019738
280,16,18,0.42156017415494723
280,17,18,0.5784398258450527
288,16,18,1.0
274,16,20,0.002013389066770094
274,17,20,0.9135926852163005
274,17,19,0.08439392571692954
281,16,20,0.27989063186831875
281,16,19,0.32045543990990477
281,17,20,0.11099874357914216
281,17,19,0.28865518464263423
289,15,18,0.04733172879487648
289,16,18,0.8212351943974852
289,16,17,0.13143307680763838
282,15,18,0.4856542974348316
282,15,17,0.014133443572640403
282,16,18,0.4936667780835772
282,16,17,0.006545480908950722
279,15,18,0.001165318318658716
279,15,17,0.32273953130417277
279,16,17,0.6760951503771685
292,15,18,0.0535472042917673
292,15,17,0.9464527957082327
293,14,18,0.003930347808689845
293,15,19,0.006227119392024818
293,15,18,0.989394903584164
293,15,17,0.00044762921512121566
291,15,19,0.32761914048131113
291,15,18,0.4828121342531535
291,16,18,0.1156898980300686
291,16,19,0.07387882723546682
294,8,8,0.137095490249059
294,9,8,0.7220691052119963
294,8,9,0.036268437162313164
294,9,9,0.10331369602376132
294,9,7,0.001253271352870282
297,5,10,0.048960887336625965
297,6,10,0.951039112663374
296,8,8,0.11333238995760231
296,8,7,0.3178548904707342
296,9,8,0.1899244886174814
296,9,7,0.3788882309541821
302,5,8,0.008292422190359508
302,6,8,0.814121150960474
302,6,9,0.1775864268491665
295,7,9,0.09459287392259892
295,8,10,0.18662613791084745
295,8,9,0.7187809881665538
300,4,9,0.35582924235712693
300,4,10,0.2422847694300096
300,5,9,0.0339502062587052
300,5,10,0.36793578195415827
303,6,9,0.31511294255352834
303,7,10,0.0006838553967141737
303,7,9,0.6820680928587032
303,8,9,0.002135109191054414
313,8,8,0.17862640171835847
313,9,8,9.450438302399285e-05
313,8,9,0.8201089457832617
313,9,9,0.0011701481153558518
322,7,8,0.23411105853786723
322,8,8,0.03801950012478546
322,7,9,0.4708880106188807
322,8,9,0.2569814307184666
316,8,10,0.04846482295958502
316,8,9,0.2807556538418755
316,9,9,0.360286231035446
316,9,10,0.31049329216309357
301,6,11,0.242556745358756
301,6,10,0.7574432546412441
305,6,8,0.06800346677596075
305,7,8,0.56734601926075
305,6,9,0.016208172362954232
305,7,9,0.348442341600335
306,8,8,0.7364870164031663
306,8,7,0.2635129835968337
307,7,8,0.01874861311327309
307,8,8,0.9741466454722264
307,8,9,0.007104741414500495
309,7,8,0.8957431250539183
309,8,8,0.10425687494608164
308,5,8,0.20498718449198305
308,6,8,0.11914165949831747
308,5,9,0.3302693765012498
308,6,9,0.34560177950844967
310,9,9,0.12860755231780538
310,9,10,0.04236306579286054
310,10,10,0.3296243990213135
310,10,9,0.49940498286802065
298,5,10,0.6220538652869984
298,6,10,0.3779461347130017
312,5,11,0.21185071635101402
312,5,10,0.060952704876061393
312,6,11,0.670034626773932
312,6,10,0.057161951998992544
314,5,9,0.7604079405784154
314,5,10,0.22594858789227157
314,6,9,0.013643471529313039
315,5,8,0.019687291838192088
315,4,9,0.1622256404980419
315,5,9,0.8023555000746404
315,5,10,0.015731567589125618
318,6,8,0.4053183657626288
318,6,7,0.06273895243164929
318,7,7,0.13886005961247339
318,7,8,0.39308262219324863
304,5,7,0.10181371074764357
304,5,8,0.6551540647349151
304,6,8,0.17660997361364647
304,6,7,0.06642225090379493
321,6,7,0.008608079179418894
321,7,7,0.6620323437586711
321,7,8,0.0314209459296705
321,8,8,0.006341724948316209
321,8,7,0.2915969061839233
323,9,8,0.38579794322876537
323,9,9,0.3528077811856738
323,10,9,0.10116363047452363
323,10,8,0.1602306451110371
324,9,9,0.5631792067239786
324,9,10,0.43682079327602147
317,5,10,0.8772979356742567
317,6,10,0.12270206432574328
334,3,9,0.7974609126317509
334,4,9,0.20253908736824913
325,2,9,1.0
331,2,9,1.0
330,1,9,0.41256339811614756
330,1,10,0.20692181404051413
330,2,9,0.2890081503371034
330,2,10,0.09150663750623485
332,4,8,0.8676632257808389
332,4,9,0.1323367742191611
329,5,7,0.1403510414450384
329,5,8,0.8596489585549616
333,3,9,0.15641461243264773
333,3,8,0.10422705426217942
333,4,8,0.12191207258743111
333,4,9,0.6174462607177419
338,4,8,0.2723825419857458
338,4,9,0.7276174580142541
335,2,9,0.6040667660209865
335,2,10,0.3959332339790135
327,3,9,0.07344574865059847
327,2,9,0.27414167205508827
327,2,10,0.4434775054757855
327,3,10,0.20893507381852766
337,3,9,0.990673387874438
337,3,8,0.009326612125561984
326,3,9,0.7170915289649012
326,2,9,0.2662519484010996
326,3,10,0.016656522633999048
336,1,9,0.42396067740618915
336,1,10,0.576039322593811
328,4,8,0.5025310326644221
328,5,8,0.4974689673355778
340,25,11,0.027557321653157805
340,25,10,0.006400671270136184
340,26,9,0.0062706276057350584
340,26,10,0.04825487970806768
340,26,11,0.06395679618617332
340,26,12,0.008357301309099842
340,27,10,0.06570911283354035
340,27,9,0.037035697985135056
340,27,11,0.0656342617158113
340,28,5,0.004460282062747479
340,29,5,0.010181304662347564
340,29,6,0.04805551036981106
340,25,12,0.016685549334319563
340,27,13,0.0023050675688174767
340,28,13,0.01210600210488887
340,28,12,0.05696916624811441
340,27,7,0.004098566597774092
340,27,8,0.025819070916601013
340,28,8,0.06570911283354035
340,28,7,0.06205425915958956
340,28,6,0.031226911667705203
340,28,9,0.06295298444993509
340,27,12,0.047479365926634515
340,28,11,0.04942599082206552
340,28,10,0.03904509317220102
340,29,7,0.06226336006870258
340,29,8,0.052794499847948234
340,29,9,0.015642677045449086
340,30,7,0.0009238748308467815
340,30,8,0.0006246800431039004
339,25,10,0.012313782766837401
339,26,9,0.3010385704935976
339,26,10,0.19183071383717015
339,27,9,0.3151351078548143
339,25,9,1.2632592527440736e-05
339,26,8,0.004586251245262042
339,27,8,0.17508294120979087
342,16,9,0.5426480594086711
342,16,8,0.31257269956940253
342,17,8,0.002862786666515459
342,17,9,0.14191645435541092
343,14,7,0.040394308087113875
343,15,7,0.9596056919128861
344,15,14,0.3931722864757231
344,16,14,0.4686168738724713
344,16,15,0.13821083965180572
345,17,11,0.2985590611110197
345,17,10,0.7009943716267634
345,18,10,0.0004465672622168939
346,14,13,0.49766977134538104
346,14,12,0.15614205292505148
346,15,12,0.006793198869123315
346,15,13,0.33416555233121575
346,15,14,0.005229424529228451
347,14,8,0.4597083909762751
347,14,7,0.38030520981612304
347,15,7,0.06625969804178443
347,15,8,0.09372670116581738
348,14,10,0.43191771805663076
348,14,11,0.24266064850784808
348,15,11,0.12432460975529766
348,15,10,0.20109702368022353
349,18,11,0.025378112434268005
349,19,12,0.0694081767235436
349,19,11,0.9052137108421884
350,16,10,1.0
351,14,9,0.9868886110540748
351,14,8,0.013111388945925177
352,17,11,0.0009036771590844694
352,18,12,0.1499669930477528
352,17,12,0.6572906040248835
352,17,13,0.029994339655613215
352,18,13,0.16184438611266594
353,14,11,0.11451195062514477
353,15,11,0.47146596755848874
353,14,12,0.12262132016694387
353,15,12,0.29140076164942247
354,16,12,0.6945325050680512
354,17,12,0.30546749493194875
356,15,8,0.00908862389035348
356,16,9,0.16517168199934398
356,16,8,0.023670899123170233
356,15,9,0.766474102659053
356,15,10,0.035594692328079235
357,15,7,0.3371387317633713
357,15,8,0.6158445709137397
357,16,8,0.047016697322889045
358,15,13,0.18355370356768969
358,15,14,0.4679233678509219
358,16,13,0.2632684138719551
358,16,14,0.08525451470943333
359,16,10,0.02444076668972805
359,17,10,0.7603703411450201
359,17,9,0.15394922282833332
359,18,10,0.04980400513422322
359,18,9,0.011435664202695213
360,18,10,0.14959371098026486
360,18,11,0.26202413171230987
360,19,10,0.14145967959201483
360,19,11,0.44692247771541055
361,14,10,0.04140664777926828
361,14,9,0.0024945449123142185
361,15,9,0.2664716608586538
361,15,10,0.6896271464497636
362,15,8,0.8374003842657538
362,16,8,0.04451381963837353
362,15,9,0.11808579609587265
363,15,12,0.09205905764052648
363,15,13,9.396166068859746e-05
363,16,12,0.4758316470802569
363,16,13,0.4320153336185281
364,15,7,0.6846365672260888
364,15,8,0.0014284016257534741
364,16,8,0.0035003798747776844
364,16,7,0.31043465127338
365,16,12,0.06911831797994468
365,16,13,0.8750340582677814
365,17,13,0.05584762375227394
366,14,10,0.06804364246355339
366,14,9,0.5613735837564624
366,15,9,0.3705827737799842
367,14,9,0.07495755019755354
367,14,8,0.5263951736933774
367,15,8,0.28784437914156896
367,15,9,0.11080289696750008
368,16,13,0.015482278629586947
368,17,14,0.4413900346087701
368,17,13,0.5431276867616429
369,15,12,0.008641449730228009
369,15,13,0.8388312750005793
369,15,14,0.06830184123393819
369,16,12,0.0001748182526186306
369,16,13,0.08405061578263606
370,16,8,0.15394272001561604
370,16,7,0.033991870590182285
370,17,8,0.7663176849355025
370,17,7,0.04574772445869918
371,17,14,0.6715528260704687
371,17,15,0.3284471739295313
372,18,10,0.01490842288801475
372,19,10,0.6028274363318462
372,19,11,0.3822641407801391
373,15,11,0.49727120458839186
373,15,10,0.502728795411608
374,15,11,0.30222595831970556
374,15,12,0.3511466372964968
374,16,12,0.22372363585744504
374,16,11,0.12290376852635262
375,17,8,0.6885306621586602
375,17,7,0.2942024449646992
375,18,8,0.017266892876640495
376,18,11,1.0
377,14,11,1.0
378,16,12,0.03597656401678664
378,16,13,0.025066173534524786
378,17,12,0.17912887227441637
378,17,13,0.7484979820372404
378,18,13,0.011330408137031758
379,15,11,0.07059637026398567
379,15,10,0.07342993869253768
379,16,10,0.3024951012507022
379,16,11,0.5534785897927744
380,16,9,0.5525221026773414
380,16,10,0.16305842107364169
380,17,10,0.0269074654051979
380,17,9,0.2575120108438189
381,16,8,0.6260553003284615
381,16,7,0.37394469967153854
382,17,14,0.8468308829838127
382,18,14,0.1531691170161872
383,16,12,0.1998055108093046
383,16,11,0.4313656764781642
383,17,11,0.3059058045567214
383,17,12,0.06292300815580974
384,17,14,0.1698003062580378
384,17,13,0.7574856043364073
384,18,13,0.0727140894055549
385,15,11,0.004963235382184502
385,16,9,0.15131268988894533
385,15,9,0.15587330880204034
385,15,10,0.4318239617197018
385,16,10,0.256026804207128
386,14,12,0.2039322195419631
386,15,12,0.701426898180167
386,15,13,0.09464088227786986
387,16,14,0.8328601433783704
387,17,14,0.167117833101146
387,17,13,2.2023520483369605e-05
388,16,9,0.9942678449936924
388,16,10,0.005732155006307701
389,18,10,0.3706305746198138
389,18,9,0.47564436553702544
389,19,10,0.13035933477659775
389,19,9,0.023365725066562874
390,17,11,0.041611048943398114
390,17,10,0.05325598597545944
390,18,10,0.6532956967034587
390,18,11,0.2518372683776838
392,16,15,0.18600156407940788
392,17,14,0.035378510205371486
392,17,15,0.7786199257152207
393,17,11,0.34396454410072014
393,18,11,0.13560646335408202
393,18,12,0.15365921414951828
393,17,12,0.36676977839567954
394,15,8,0.03661658358222295
394,16,9,0.13667744236788978
394,16,8,0.8267059740498873
395,16,13,0.5087042920948828
395,16,14,0.4722888850648418
395,17,14,0.005348506977147679
395,17,13,0.013658315863127747
396,16,10,0.42705425184068446
396,16,11,0.2140378826876219
396,17,11,0.05548242892972809
396,17,10,0.3034254365419655
397,11,8,0.08195825556997427
397,11,7,0.21110426401630356
397,12,6,0.0652243699596008
397,12,8,0.14768690664928294
397,12,7,0.4940262038048386
400,11,9,0.2784001081919892
400,11,8,0.3199504894685213
400,11,7,0.02358527571419818
400,12,9,0.11846029932123181
400,12,8,0.2504005315303613
400,12,7,0.009203295773698253
401,13,12,0.33650425702601555
401,13,13,0.011239984324500992
401,14,13,0.045283506166620933
401,14,12,0.6069722524828625
403,12,11,0.02140181439738402
403,12,12,0.34042512784763185
403,13,11,0.03925056153138214
403,13,12,0.598922496223602
406,13,6,0.02372103347619774
406,13,7,0.3347707031831582
406,14,6,0.01416079821050299
406,14,8,0.06965759525313728
406,14,7,0.5576898698770036
407,11,13,0.0686815772190954
407,11,12,0.009698586807585613
407,12,12,0.11109000616104645
407,12,13,0.45846204400365553
407,13,12,0.027051307025349025
407,13,13,0.325016478783268
408,13,12,0.021174463395022294
408,13,13,0.2893185023642116
408,14,13,0.5950870708871103
408,14,12,0.09441996335365585
409,12,10,0.6871803046793042
409,13,9,0.00036732043960875616
409,13,10,0.0006400355760810518
409,12,9,0.31181233930500596
410,13,9,0.024337932768047302
410,13,7,0.08037975976993862
410,13,8,0.4493975709584721
410,14,9,0.06866181766622614
410,14,8,0.35704103810154875
410,14,7,0.020181880735766863
412,8,7,0.10743502585420837
412,9,6,0.22316517045765427
412,9,7,0.6350401224495844
412,10,6,0.03435968123855294
413,10,9,0.038752531969261886
413,11,10,0.1932458070173391
413,11,9,0.7680016610133991
414,11,5,0.5695106676102946
414,12,5,0.4304893323897055
416,13,11,0.047854359568229594
416,14,11,0.3170412974002724
416,13,12,0.22763104884426466
416,14,12,0.40747329418723327
417,11,10,0.42578706294567964
417,11,9,0.0031835963328922788
417,12,10,0.4075335366154281
417,12,11,0.163495804106
419,12,6,0.13983150524866497
419,12,7,0.0780674577333704
419,13,6,0.30257244595021976
419,13,7,0.4795285910677448
418,13,6,3.3378818837335245e-06
418,14,6,0.22771467364091968
418,14,7,0.7692628009854747
418,15,7,0.003019187491721979
420,12,6,0.39832444450641125
420,12,5,0.4275664112722255
420,13,6,0.06580173834335987
420,13,5,0.10830740587800337
422,10,7,0.007335558317377391
422,10,8,0.005268032403958865
422,11,6,0.386856367960497
422,11,8,0.01604368357007622
422,11,7,0.43777349534010956
422,12,6,0.10651041901355571
422,12,7,0.040212443394425375
423,10,6,0.05086190125752309
423,11,6,0.7409302749244471
423,12,6,0.09078985478661523
423,11,5,0.11741796903141476
424,9,6,0.30381488201183676
424,10,6,0.6814631872184479
424,11,6,0.01472193076971528
425,9,8,0.05672762457625033
425,9,6,0.0003404788817006703
425,9,7,0.21168071686035245
425,10,6,0.032054725922933916
425,10,7,0.4807075037854379
425,10,8,0.21848894997332488
426,10,6,0.30743970967549167
426,10,7,0.5953955961236931
426,11,6,0.03119190188413589
426,11,7,0.0659727923166794
427,8,6,0.25438646765689377
427,8,7,0.09314716281596891
427,9,6,0.645019888835282
427,9,7,0.007446480691855352
428,10,9,0.11169436880096474
428,11,9,0.0002721633634223014
428,10,7,0.08514644824352079
428,10,8,0.5279336994999057
428,11,8,0.25662085990812766
428,11,7,0.018332460184058926
415,11,5,0.03438038607479355
415,12,5,0.9656196139252065
429,11,6,0.0005344108226152041
429,12,6,0.9227140994563675
429,11,5,0.0014173925258607835
429,12,5,0.07533409719515648
405,10,9,0.31726690955879244
405,11,9,0.27398354527231183
405,10,8,0.03464377993689591
405,11,8,0.37410576523199973
431,12,10,0.03208027073474178
431,13,9,0.1958834041151526
431,13,10,0.7156317095059701
431,12,9,0.056404615644135465
430,13,11,0.681070609079184
430,14,11,0.23848207638928617
430,13,12,0.08044731453152976
432,12,10,0.21531924663094967
432,12,11,0.1679698451493426
432,12,12,0.01697309214466854
432,13,10,0.19744339959668317
432,13,11,0.39586613565274686
432,13,12,0.006428280825609154
398,13,9,0.36139340247349355
398,13,10,0.4660363490191216
398,14,10,0.08283473612238192
398,14,9,0.0897355123850029
399,13,10,0.21721259739561988
399,13,11,0.07832337376760974
399,14,10,0.49396868725494086
399,14,11,0.10519325780520163
399,14,9,0.1053020837766279
402,13,9,0.8046120147168172
402,12,9,0.08708179920501881
402,12,8,0.0008406483467721397
402,13,8,0.01523088546976543
402,14,9,0.0922346522616265
421,11,10,0.0063453699634653925
421,11,9,0.15072967304291168
421,12,10,0.06172633987625455
421,12,9,0.7811986171173684
411,13,9,0.05358096913651496
411,12,9,0.3697815964228893
411,12,8,0.3550878880594411
411,13,8,0.22154954638115446
404,12,8,0.36896074452395333
404,12,7,0.12362295482212084
404,13,7,0.07423109820464953
404,13,8,0.4331852024492763
433,17,26,1.0
434,16,26,0.07541688060166157
434,16,27,0.11847844156439105
434,17,27,0.4332792771078561
434,17,26,0.3728254007260913
435,16,26,0.0268174841642071
435,17,26,0.973182515835793
436,17,27,0.5769013621191311
436,17,26,0.40431006263971314
436,18,26,0.00014492735906487177
436,18,27,0.018643647882090816
437,17,26,1.0
438,17,26,1.0
439,17,27,0.0685563138352651
439,17,26,0.9314436861647348
440,17,27,0.8588517937345425
440,18,27,0.14114820626545757
441,17,27,0.20925323368744117
441,17,26,0.19198547453431342
441,18,26,0.40061684471933445
441,18,27,0.19814444705891116
442,17,26,1.0
443,17,26,0.9967438445465914
443,17,25,0.003256155453408597
444,18,26,0.24005915795459568
444,18,27,0.7599408420454044
445,17,26,0.43072768476058787
445,18,26,0.5692723152394121
446,17,27,1.0
447,17,27,0.5093922714474352
447,17,26,0.4906077285525649
448,17,27,0.05333533278090097
448,18,27,0.946664667219099
451,18,23,1.0
452,18,25,1.0
453,18,25,0.1537608879043283
453,18,24,0.8462391120956718
454,18,24,0.00942408937969348
454,18,23,0.987701921868038
454,19,23,0.002873988752268481
455,18,25,0.26848488476112775
455,19,25,0.06285762838867005
455,18,24,0.5851544865947577
455,19,24,0.08350300025544447
456,18,23,1.0
457,18,23,0.4563016319843554
457,18,22,0.5436983680156445
459,18,23,0.9434929860679714
459,18,22,0.05414806392972072
459,19,23,0.002358950002307888
460,18,25,0.9947956024165043
460,18,24,0.005204397583495662
458,18,24,0.9124935864788353
458,18,23,0.08750641352116476
449,18,24,1.0
450,18,24,0.7067865162752796
450,18,23,0.2932134837247205
462,16,26,1.0
463,15,25,0.27459872806254676
463,15,26,0.3792616094161915
463,16,26,0.07860125775947796
463,16,25,0.26753840476178375
471,16,26,0.32317154910211315
471,16,25,0.6768284508978868
467,15,25,0.5318532999855365
467,16,25,0.46814670001446335
468,16,25,0.8192041123467304
468,17,25,0.18079588765326957
465,16,25,0.18888221536983044
465,17,25,0.8111177846301696
461,16,26,0.0002245046555207715
461,16,25,0.6741631634456022
461,17,26,0.021453807764573913
461,17,25,0.304158524134303
469,14,26,0.0006712233160802635
469,14,25,0.010353997127512412
469,15,25,0.524412801682416
469,15,26,0.46456197787399134
470,16,26,0.6014911436586332
470,16,25,0.2304153453832685
470,17,26,0.15907502987802016
470,17,25,0.009018481080078036
466,14,25,0.00342121787268205
466,15,25,0.9965787821273179
476,19,27,1.0
485,19,27,0.9732370995064136
485,19,28,0.026762900493586383
483,18,27,0.11764322996530462
483,19,27,0.8823567700346954
473,18,26,1.0
472,18,26,1.0
479,18,26,0.7812183347398909
479,18,27,0.21878166526010917
481,18,26,0.9999523539550212
481,18,27,4.764604497869804e-05
475,18,26,0.145132522283406
475,18,27,0.854867477716594
478,19,27,0.4533535038485881
478,19,28,0.5424061820550948
478,20,28,0.004240314096317181
474,18,27,0.9178347934840183
474,18,28,0.05280979261001412
474,19,27,0.029355413905967527
482,18,27,1.0
477,19,27,1.0
487,18,27,0.5251364753350145
487,19,27,0.4748635246649856
486,18,26,0.0055704299837239886
486,18,27,0.032644005800184166
486,19,27,0.9421439155839673
486,19,26,0.019641648632124722
484,18,27,0.9341518365671532
484,19,27,0.06584816343284693
480,18,27,0.1363032499848534
480,18,28,0.09729589231500592
480,19,27,0.2628609864367904
480,19,28,0.5035398712633503
518,4,12,0.005704587043352015
518,3,12,0.994295412956648
519,4,8,1.0
520,4,12,0.9911118929211813
520,5,12,0.008888107078818661
528,23,7,0.6867148661545179
528,23,8,0.03298198324220803
528,24,7,0.21332622015816688
528,24,8,0.06697693044510716
533,23,9,0.3145270014772566
533,23,8,0.6776513055160008
533,24,8,0.005652601085747699
533,24,9,0.0021690919209949797
539,23,9,0.44025214410414076
539,24,9,0.5597478558958592
535,22,8,0.7189766180694322
535,23,8,0.2810233819305677
543,22,7,0.07168544772361969
543,23,7,0.9283145522763803
541,23,9,1.0
531,23,8,0.02790151071352319
531,24,8,0.9720984892864768
537,25,8,1.0
525,23,7,0.9707465091105278
525,23,8,0.029253490889472114
536,23,7,0.11187619005637094
536,23,8,0.8291231401194867
536,24,8,0.05900066982414222
530,24,8,0.7309419451974831
530,24,9,0.22952968789116057
530,25,8,0.03952836691135626
524,22,8,0.09767747983253379
524,22,7,0.04605832807774295
524,23,7,0.3461231399661244
524,23,8,0.510141052123599
544,24,7,0.7816774329019638
544,24,8,0.2183225670980361
527,22,6,0.011195999893666285
527,22,7,0.06398579154420451
527,23,7,0.8156756109671832
527,23,6,0.10914259759494602
538,22,9,0.10166943227411467
538,23,9,0.894909102418755
538,22,8,0.0020735516022988005
538,23,8,0.0013479137048313331
542,23,9,0.048029294938168786
542,24,8,0.24036617163371893
542,24,9,0.7116045334281124
523,23,8,1.0
529,24,7,0.04811785998945447
529,24,8,0.651866605651526
529,25,8,0.28318110012296877
529,25,7,0.016834434236050903
532,24,7,0.0071774967748379995
532,24,8,0.9928225032251621
526,23,9,1.0
522,24,7,0.6739148733509425
522,24,8,0.31289007761705034
522,25,7,0.01319504903200724
534,23,9,0.22086572473493343
534,23,8,0.7791342752650665
540,22,9,0.04252122135408468
540,23,9,0.11707606831226952
540,22,8,0.22832268344109524
540,23,8,0.6120800268925505
545,19,7,0.8757400938956152
545,19,8,0.12425990610438474
546,20,9,0.9292149259346634
546,20,10,0.07078507406533657
547,21,5,0.16317143701871725
547,22,5,0.013489913936000346
547,22,6,0.7008597455540556
547,21,6,0.12247890349122688
548,18,5,0.443071337105986
548,18,4,0.22031290515541013
548,19,5,0.21565283727166074
548,19,4,0.1209629204669431
549,16,6,0.00458201348836791
549,16,7,0.9954179865116322
550,17,10,0.01954452972468266
550,17,9,0.3985427888161816
550,18,10,0.16193055037579396
550,18,9,0.41998213108334176
551,17,3,0.004217507964666677
551,18,3,0.24822734734627697
551,17,4,0.05417090759767469
551,18,4,0.4409436290301105
551,19,3,0.08268910421322863
551,19,4,0.16975150384804258
552,18,6,0.03850406191793523
552,18,7,0.26107133914637387
552,19,7,0.5036106563588894
552,19,6,0.19681394257680146
553,19,10,0.38456064518633515
553,20,9,0.014139184831819432
553,20,10,0.6013001699818455
554,18,8,0.17875539803823048
554,18,7,0.8212446019617694
555,20,4,0.00397887753770341
555,20,5,0.13998350342243449
555,21,4,0.004865260658524019
555,21,5,0.23918673898582157
555,22,6,0.002383696358373165
555,20,6,0.19775124267286676
555,20,7,0.018703622027413238
555,21,6,0.3376940795999974
555,21,7,0.055424965794691236
555,22,7,2.8012942174602587e-05
556,17,8,8.229767020994778e-05
556,18,8,0.7609118538153016
556,18,9,0.2390058485144885
557,17,8,0.031005489136729927
557,17,7,0.722611473545188
557,18,8,0.03819836013328811
557,18,7,0.2081846771847941
558,20,6,0.028395369942120916
558,20,7,0.19558201041458464
558,21,7,0.5270989803244449
558,21,8,0.24892363931884948
559,19,10,0.01433435193863847
559,19,9,0.7040001842020476
559,20,9,0.2811776761713721
559,20,10,0.0004877876879419787
560,20,9,0.052028943589493386
560,20,10,0.9479710564105067
561,19,10,0.8568657282012769
561,19,11,0.14313427179872307
562,19,7,0.21638054942332013
562,19,8,0.01808727654409673
562,20,7,0.6584535223362553
562,20,8,0.10707865169632769
563,19,7,0.04172839220518724
563,19,8,0.9582716077948128
564,16,6,0.7489117392279021
564,16,7,0.25033405908411227
564,17,7,0.0007542016879856526
565,22,6,0.7583632678088793
565,21,6,0.016286611475138657
565,21,7,0.002810221352017952
565,22,7,0.1791271919902786
565,23,6,0.043412707373685425
566,19,9,1.0
567,22,6,0.03026327525523869
567,21,7,0.15257339520240928
567,21,8,0.049178470398989434
567,22,8,0.11619983100699431
567,22,7,0.6517850281363684
568,19,8,0.9453658398680416
568,20,8,0.05463416013195847
569,19,7,0.004313395545687176
569,19,8,0.39333583522965215
569,20,8,0.36399735291160046
569,19,9,0.14211464851339983
569,20,9,0.09623876779966037
570,19,5,0.0130300719825286
570,19,3,0.22754445584620017
570,19,4,0.1798683631087458
570,20,3,0.24963472733327258
570,19,2,0.05291622661985846
570,20,2,0.045749396155718214
570,20,4,0.22773192294236874
570,20,5,0.0019595172246985692
570,21,3,0.0015653187866090778
571,17,5,0.1226018777000608
571,17,4,0.000444390600018111
571,18,5,0.8498747584119282
571,18,4,0.005604096622749497
571,18,6,0.021474876665243302
572,16,8,0.12376844854910796
572,17,8,0.19151321428632057
572,17,9,0.6847183371645714
573,20,8,0.23675995882154993
573,21,8,0.7498863419816196
573,21,9,0.013353699196830502
574,19,5,0.32029592694822934
574,19,6,0.6797040730517706
575,18,5,0.029683488894228165
575,19,5,0.46519104468179573
575,18,6,0.001801968884321621
575,19,6,0.5033234975396546
576,19,10,0.555774806141755
576,19,9,0.444225193858245
577,18,8,0.2866359035869746
577,18,7,0.11286239019318142
577,19,7,0.2488676071622171
577,19,8,0.3516340990576268
578,20,9,0.7346303531923131
578,21,9,0.2653696468076868
579,17,8,0.2056591948501629
579,18,8,0.15394762761942243
579,17,9,0.22326582265152947
579,18,9,0.4171273548788851
580,20,8,0.03009034388727818
580,20,9,0.8620123946815138
580,21,9,0.10789726143120805
581,19,7,0.2519269275135022
581,19,6,0.24092341923502314
581,20,6,0.3648742126598864
581,20,7,0.14227544059158825
582,20,8,0.8696664926474619
582,21,8,0.09605850962425996
582,20,9,0.03042545339834252
582,21,9,0.00384954432993582
583,17,5,0.000235961335920254
583,18,5,0.05204821876239869
583,17,6,0.05562254785877013
583,18,6,0.8170013396715786
583,18,7,0.002846748559175943
583,19,6,0.07224518381215635
584,19,5,0.22347278227979206
584,20,4,0.09888214190328418
584,20,5,0.6191573284061994
584,19,6,0.008341848593778439
584,20,6,0.05014589881694593
585,16,7,0.43689998120271734
585,17,7,0.5631000187972827
586,17,6,0.18001098823210457
586,17,7,0.05067375930656773
586,18,6,0.5459799028295809
586,18,7,0.2233353496317469
587,16,6,0.03261374589864675
587,16,7,0.03571906914576569
587,17,6,0.452509779577006
587,17,7,0.47915740537858154
588,17,5,0.2284570057488289
588,17,4,0.5756212479479698
588,18,5,0.055273801200197786
588,18,4,0.14064794510300344
589,18,9,0.2741120673926836
589,19,8,0.0016678294733583627
589,19,9,0.7242201031339581
590,18,8,0.4957071001269789
590,18,7,0.5042928998730211
591,20,7,0.2712753723342431
591,20,8,0.6274428823178341
591,21,7,0.06211368345079252
591,21,8,0.039168061897130506
592,17,5,0.732177127059394
592,18,5,0.14139202796719202
592,17,6,0.09762331715076801
592,18,6,0.02880752782264584
593,18,8,0.24694467965550287
593,18,9,0.07253227145873198
593,19,8,0.596074578359491
593,19,9,0.08444847052627429
594,16,6,0.040945834775047374
594,17,6,0.8094014814778275
594,17,7,0.13553946281169904
594,18,6,0.01411322093542609
596,20,21,1.0
599,20,21,1.0
598,20,21,1.0
597,20,21,0.9330968843688169
597,21,21,0.06690311563118317
595,20,21,1.0
600,20,21,1.0
601,3,11,0.012013904320165502
601,4,12,0.8707330502362262
601,3,12,0.11714127953156452
601,4,11,0.00011176591204371834
602,5,12,0.486989803016153
602,5,13,0.513010196983847
603,5,13,0.24535131210834005
603,6,13,0.75464868789166
604,3,9,0.33780917234185487
604,3,10,0.2651349454640598
604,4,9,0.22889530585757922
604,4,10,0.168160576336506
605,4,12,0.9563243814330319
605,4,11,0.043675618566968166
606,4,10,0.07458763563052005
606,4,11,0.20283406083017733
606,5,11,0.5106154808423693
606,5,10,0.21196282269693328
607,3,10,0.6963439849809994
607,3,11,0.30365601501900064
608,4,9,0.06714676178929184
608,4,10,0.9328532382107082
609,4,12,0.4724227769941635
609,4,11,0.4749159827565686
609,5,11,0.024806167509668152
609,5,12,0.027855072739599647
610,5,12,0.83202571183897
610,6,12,0.031592746587407204
610,5,13,0.09967611710140904
610,6,13,0.03670542447221375
611,1,10,1.0
612,3,10,0.28272326774739837
612,3,11,0.6181765898151198
612,4,10,0.05151747119875485
612,4,11,0.04758267123872691
613,5,11,0.4983575495895579
613,5,10,0.5016424504104422
614,2,11,0.236258880450656
614,2,10,0.4315049221946819
614,3,10,0.07395340269936874
614,3,11,0.2582827946552934
615,4,12,0.965132340199231
615,3,12,0.034867659800769064
616,3,12,1.0
617,4,10,0.26063893112187486
617,4,11,0.7393610688781251
618,4,12,0.22951669581040368
618,4,11,0.7704833041895964
619,2,12,0.054678088491841616
619,2,11,0.0009605373305769204
619,3,11,0.6543338313520407
619,3,12,0.29002754282554066
620,2,12,0.06925445893541445
620,2,11,0.9307455410645856
621,5,12,0.6127210567280919
621,6,12,0.38727894327190815
622,4,10,0.3077790457701719
622,4,11,0.6922209542298281
623,2,12,0.0003827961856959926
623,2,11,0.6652573770492003
623,3,11,0.33435982676510373
624,1,10,0.32664282396050714
624,2,10,0.6733571760394927
625,3,11,0.09400551942516291
625,4,12,0.08878035616977833
625,3,12,0.8172141244050587
626,4,9,0.9972856864689867
626,4,10,0.002714313531013256
627,2,10,0.6757067384415992
627,3,10,0.3242932615584007
628,5,12,0.015069015877479887
628,6,12,0.5113303426187565
628,6,13,0.47360064150376346
629,4,12,0.005655611499043115
629,3,12,0.9943443885009569
630,1,11,0.23543233091672655
630,1,10,0.3284836524358408
630,2,11,0.25746620902684253
630,2,10,0.17861780762059
631,3,11,0.6018894824627118
631,4,12,0.0013174121458158963
631,3,12,0.0003462358888360151
631,4,11,0.3964468695026363
632,1,10,0.9840970166796511
632,2,10,0.015902983320348934
633,5,11,1.0
634,3,10,0.7035242729917278
634,4,10,0.29647572700827224
635,4,11,0.001026791974489386
635,5,11,0.32589662342284476
635,5,12,0.6730765846026657
636,5,11,0.47405191942577607
636,5,12,0.29404764581001197
636,6,12,0.1107231490050709
636,6,11,0.12117728575914126
637,4,12,0.24068261145752406
637,5,12,0.759128957862987
637,5,13,0.000188430679489126
638,2,11,0.38940386044872455
638,2,10,0.6105961395512753
639,12,11,1.0
640,10,13,0.7669031652560859
640,10,14,0.11561156437198766
640,11,13,0.11748527037192648
641,10,12,0.27165205521660835
641,11,12,0.7283479447833916
642,10,11,1.0
643,11,11,0.6669837239904518
643,11,12,0.24990462671950586
643,12,11,0.06233486498990086
643,12,12,0.02077678430014155
644,10,11,0.041552699346477415
644,10,12,0.9584354134664124
644,11,12,1.1887187110239454e-05
645,11,13,0.3419122065758413
645,11,12,0.6580877934241588
646,8,10,0.2360687073822541
646,8,11,0.11680140663903374
646,9,11,0.01757729290836998
646,9,10,0.6295525930703422
647,11,10,0.41978824764278927
647,11,11,0.5802117523572107
648,11,11,0.037107694883024
648,11,12,0.962892305116976
649,9,13,0.11218863613341928
649,10,13,0.7962338019899218
649,10,12,0.09157756187665878
650,12,11,0.0868298084566424
650,12,12,0.9131701915433575
651,10,13,0.4824856843449563
651,11,13,0.06471955055648602
651,10,12,0.4473625929022745
651,11,12,0.0054321721962834095
652,9,11,0.44975894082382056
652,9,10,0.5463003268012
652,10,10,0.00013564882276779873
652,10,11,0.0038050835522115975
653,11,12,0.5065984596483778
653,12,11,0.04301564841910498
653,12,12,0.45038589193251727
654,10,10,0.06941412541715161
654,10,11,0.5421836830608371
654,11,10,0.058165361450126435
654,11,11,0.33023683007188487
655,10,11,1.0
656,10,13,0.0001660254214514846
656,11,13,0.8992987339793592
656,11,12,0.10053524059918921
657,9,11,0.9209488272393341
657,9,12,0.07905117276066591
658,9,11,0.20314458531069948
658,9,12,0.4869569892117915
658,10,11,0.031756896196422635
658,10,12,0.2781415292810864
659,9,10,0.9827626660413271
659,10,10,0.017237333958672958
660,11,10,0.06671025313441802
660,11,11,0.06427477927452725
660,12,10,0.16405243439735492
660,12,11,0.7049625331936998
661,11,10,0.21552593421100946
661,11,11,0.7827137248775502
661,12,11,0.0017603409114401757
662,11,12,1.0
663,11,11,0.9907426396477357
663,11,12,0.009257360352264293
664,9,11,0.23751875017973137
664,9,10,0.00040128977869156987
664,10,10,0.014231038672659879
664,10,11,0.7478489213689172
665,10,10,0.4951585232046311
665,10,11,0.3128744507611106
665,11,10,0.19196702603425825
666,10,11,0.3911507032710312
666,10,12,0.05305100684844196
666,11,11,0.3462309170001969
666,11,12,0.20956737288032984
667,9,13,0.041889277646243714
667,10,13,0.00888151836794602
667,9,12,0.359390084400644
667,10,12,0.5898391195851662
668,9,11,0.0015156678305579675
668,9,10,0.07917927713340374
668,10,10,0.8776442529785392
668,10,11,0.04166080205749928
669,8,11,0.030189331057471017
669,9,11,0.6364437059208293
669,9,10,0.33336696302169955
670,10,12,0.8455961125909963
670,11,12,0.15440388740900368
671,10,11,0.5730166008822126
671,10,12,0.4269833991177874
677,15,24,0.0363870696424937
677,16,24,0.9636129303575064
679,16,24,0.872643555980365
679,17,24,0.127356444019635
672,16,24,0.5406889880777633
672,16,25,0.22707837474180656
672,17,25,0.03808782572994386
672,17,24,0.1941448114504863
674,16,24,0.6386532011540528
674,17,24,0.36134679884594717
678,16,25,0.004843953989408421
678,17,25,0.6774860233003372
678,17,24,0.3176700227102544
675,16,25,0.3781125622378273
675,17,25,0.6218874377621727
676,16,24,1.0
673,16,24,1.0
756,22,13,0.06760108660583072
756,23,13,0.1244253082556131
756,22,12,0.5133195890744003
756,23,12,0.2946540160641559
758,21,13,0.012986718353472362
758,22,13,0.6896052325182834
758,22,12,0.2974080491282442
760,22,10,0.3736305292864494
760,22,11,0.42065303156219436
760,23,10,0.1613019116582039
760,23,11,0.04441452749315226
761,21,12,0.0015425854510122468
761,22,11,0.042164254191665224
761,22,12,0.9562931603573226
762,22,11,0.5907216081745091
762,22,12,0.10456189134666817
762,23,11,0.2363688809792334
762,23,12,0.06834761949958933
764,23,11,0.3651422675439235
764,23,12,0.6348577324560765
765,23,10,0.00725946009229648
765,23,11,0.9860958548689795
765,23,12,0.006644685038724017
766,21,13,0.06101057173887506
766,21,12,0.3873040496420813
766,22,13,0.012716637998831248
766,22,11,0.14245675965484775
766,22,12,0.39651198096536455
757,23,13,0.021805025211886746
757,22,12,0.01710116282491129
757,23,12,0.9494612786450988
757,24,12,0.011632533318103268
763,22,13,0.3255030697001204
763,23,14,0.0030718806886581933
763,23,13,0.649123083406881
763,22,12,0.021024373952149147
763,23,12,0.0012775922521913328
767,23,10,0.009153532744222927
767,23,11,0.43972988140241137
767,23,12,0.08331986937829675
767,24,10,0.03061190927034404
767,24,11,0.27623136117796543
767,24,12,0.16095344602675957
781,16,20,0.04825908339424114
781,16,21,0.21741357353301807
781,17,20,0.11332603655948612
781,17,21,0.6210013065132547
789,14,21,0.5071854593625115
789,14,20,0.002244004574474983
789,14,22,0.039355396210210024
789,15,22,0.0101702444846667
789,15,21,0.44104489536813685
788,15,19,0.1023054111699134
788,16,18,0.0801389188435031
788,16,19,0.8175556699865836
785,14,20,0.08467756201872277
785,15,20,0.9153224379812772
784,16,20,0.736773765285796
784,16,19,0.26322623471420403
783,15,22,0.018831456863726843
783,15,21,0.8400733325553306
783,16,21,0.14109521058094254
778,18,22,0.0045002441768085995
778,19,21,0.11061386440005748
778,19,22,0.884885891423134
776,14,19,3.415436292022744e-07
776,14,20,0.06465725414717281
776,15,19,0.5488679889489833
776,15,20,0.3864744153602149
775,19,21,0.895784540961836
775,19,22,0.10421545903816402
774,15,21,0.4348016047927721
774,15,20,0.3615021578541039
774,16,20,0.0015985641156237445
774,16,21,0.20209767323750033
769,15,19,0.16160883418002214
769,15,20,0.12400293556883556
769,16,20,0.5141258705530353
769,16,19,0.20026235969810705
768,19,22,1.0
790,18,20,0.1200102278665075
790,18,21,0.5156918840969187
790,19,21,0.32547427360259257
790,19,20,0.0388236144339813
787,14,21,0.006522451711012355
787,14,20,0.4565480736932743
787,15,21,0.08274469842225664
787,15,20,0.4541847761734567
786,15,21,0.0020155107091554838
786,15,20,0.026426851545948853
786,16,20,0.5420189580928186
786,16,21,0.4295386796520771
782,15,21,0.056793005078075526
782,16,21,0.9166133778511381
782,17,21,0.02659361707078655
780,17,20,0.05609999400363377
780,17,21,0.17369050362564312
780,18,20,0.2973241562850545
780,18,21,0.47288534608566857
777,19,21,0.3362273672156052
777,20,21,0.6637726327843948
773,15,21,0.6680324668625466
773,15,20,0.3319675331374534
772,19,21,0.720028548393966
772,20,20,0.0015341178159336093
772,20,21,0.2784373337901004
771,18,22,0.001262578533548722
771,18,21,0.9987374214664513
770,16,20,0.6327317952277288
770,17,20,0.3639083672716992
770,17,21,0.003359837500571974
320,6,8,0.19301469139557595
320,6,7,0.8069853086044241
504,13,20,0.0028444346154212303
504,13,19,0.9971555653845787
492,13,19,0.5601519494225717
492,14,19,0.43984805057742826
491,13,15,0.09954107126105967
491,14,15,0.10866110951441524
491,13,16,0.09422541796271326
491,14,16,0.6975724012618117
505,14,18,0.7694585357280426
505,14,19,0.16417995460111187
505,15,18,0.06636150967084559
488,13,18,0.15171793795958946
488,13,17,0.4295479714624857
488,14,18,0.27815144687456705
488,14,17,0.140582643703358
489,13,15,0.3019584985539986
489,13,16,0.6840850596433213
489,14,16,0.013956441802680077
490,14,19,0.6014639779312868
490,14,20,0.39853602206871314
496,13,18,0.7953773148081242
496,14,18,0.19889298406938846
496,13,19,0.005729701122487374
501,14,16,0.5826440332776214
501,14,17,0.3969544687889132
501,15,17,0.020401497933465358
509,14,18,0.04893973004644586
509,14,19,0.5728217041808276
509,14,20,0.025918481442649587
509,15,19,0.3338611371885551
509,15,18,0.017190645938923766
509,15,20,0.0012683012025981539
499,12,19,0.01087728591024128
499,13,19,0.9891227140897586
503,12,17,0.15391379165753713
503,12,16,0.19939026549812866
503,13,16,0.23755704256106366
503,13,17,0.40913890028327066
494,13,18,0.6936640888563355
494,13,17,0.03536711159424793
494,13,19,0.27096879954941666
507,11,15,0.6275551467950251
507,12,15,0.18866059917077344
507,11,16,0.14138463096494644
507,12,16,0.04239962306925498
510,12,15,0.9265095579435946
510,12,14,0.04108105462558142
510,13,15,0.011585898044546013
510,13,14,0.02082348938627804
513,12,18,0.6278089582042544
513,13,18,0.17416051573031158
513,12,19,0.13234844572583604
513,13,19,0.065682080339598
515,13,17,0.02264373363325092
515,14,16,0.10807395811013422
515,14,17,0.812665903570865
515,15,17,0.05661640468574994
497,11,17,0.22699100410220666
497,11,16,0.08136928436542806
497,12,17,0.6452630534732573
497,12,16,0.04637665805910803
498,12,18,0.08817688416939777
498,11,17,0.003604743427070618
498,12,17,0.7907392825855487
498,13,17,0.11747908981798301
508,10,15,0.0001001214656543917
508,10,14,0.11588277191161034
508,11,15,0.4597509457884969
508,11,14,0.4242661608342383
506,12,18,0.31233426393941266
506,12,17,0.014043947496222517
506,13,18,0.6566112105755245
506,13,19,0.017010577988840345
493,13,16,0.3418534822832694
493,13,17,0.6581465177167306
495,14,18,0.11913175963430145
495,14,17,0.8808682403656987
512,12,15,0.0010387018048591491
512,13,15,0.9837997347013634
512,14,15,0.01516156349377737
500,13,18,0.1099573499592311
500,14,18,0.13303917040968205
500,13,19,0.6829139751167703
500,14,19,0.0740895045143165
517,14,16,0.06678680548875299
517,14,18,0.11865292445530916
517,14,17,0.1746799705716582
517,15,18,0.05238151794449853
517,15,17,0.44663271489618195
517,15,16,0.14086606664359907
502,12,15,0.35580846842430347
502,13,15,0.054668320235303235
502,12,16,0.2885783626654284
502,13,16,0.30094484867496485
516,13,16,0.49962481043195744
516,13,17,0.1565509196936004
516,14,16,0.3118512641322288
516,14,17,0.031973005742213345
514,12,15,0.037097832351791246
514,11,16,0.007696382200894382
514,12,17,0.0064586050712857595
514,12,16,0.9487471803760287
511,12,18,0.10228726219968722
511,12,17,0.02605819889811527
511,13,18,0.39678220058625535
511,13,17,0.4748723383159421
129,23,9,1.0
755,22,13,0.010457909098796837
755,22,12,0.9895420909012032
759,22,11,0.007942840428981954
759,23,10,0.6039640197352827
759,23,11,0.38588030223789865
759,24,10,0.0022128375978365594
319,5,9,0.03214981395326361
319,5,10,0.043066374020820405
319,6,9,0.5980516420624173
319,6,10,0.3190737366194581
319,7,9,0.0076584333440405895
299,10,10,0.44114302107715336
299,10,9,0.1613038076533962
299,11,10,0.3723572889493463
299,11,9,0.025195882320104147
391,16,14,0.15000323476311261
391,16,15,0.08498047401899932
391,17,14,0.595341936285949
391,17,15,0.16967435493193914
311,4,8,0.025551834726545413
311,5,8,0.8491185830926834
311,4,9,0.015717894400435386
311,5,9,0.10961168778033598
355,18,11,0.836644122303471
355,19,11,0.16335587769652893
680,19,10,0.15019743390954157
680,19,11,0.2971139605469883
680,20,11,0.2782073512512099
680,20,10,0.2744812542922602
681,20,11,0.38284386045293595
681,20,10,0.28083303337143756
681,21,11,0.1696655598594591
681,21,10,0.16665754631616742
682,19,15,0.9306938089355731
682,19,16,0.06930619106442695
683,19,15,0.02486486616593718
683,19,14,0.9751351338340629
684,21,11,0.8949427984211149
684,22,11,0.10505720157888505
685,19,12,1.0
686,19,15,0.514199746586847
686,19,14,0.485800253413153
687,18,15,0.1541438828764536
687,19,15,0.22404434542565332
687,18,16,0.25299903949139485
687,19,16,0.3688127322064982
688,21,10,0.3515994291453934
688,22,10,0.6484005708546066
689,20,14,0.791756930186214
689,21,14,0.208243069813786
690,18,16,0.23035162547853305
690,18,17,0.5666239749166054
690,19,17,0.05341525099618677
690,19,16,0.14960914860867497
691,20,15,1.0
693,19,13,2.9386738946258087e-07
693,19,14,0.6040059445286057
693,20,14,0.3783709289661883
693,20,13,0.017622832637816676
694,21,11,0.001465065078982774
694,21,12,0.9985349349210173
695,19,15,0.8950082625607984
695,20,15,0.10499173743920175
696,18,15,1.0
697,22,10,0.00125662189060389
697,22,11,0.9987433781093961
698,20,12,0.26475124620525275
698,20,11,0.06336575155483776
698,21,11,0.398497601268964
698,21,12,0.27338540097094544
699,21,11,0.4938925779897912
699,21,10,0.5061074220102089
700,17,16,0.3222052179234769
700,18,16,0.6777947820765231
701,17,14,0.05000874730417576
701,17,13,0.03753313700236818
701,18,13,0.33784804336518015
701,18,14,0.5746100723282759
702,19,17,0.1483507320513264
702,19,16,0.8516492679486736
703,20,12,0.20577010002266663
703,20,11,0.7942298999773334
704,19,12,0.7453734394733678
704,19,11,0.2539998154003991
704,20,12,0.0006267451262332006
705,20,12,1.0
706,18,13,0.4629502831756556
706,18,14,0.30048474440724926
706,19,13,0.228014289553226
706,19,14,0.008550682863869058
707,19,11,0.1020104817487437
707,20,11,0.8979895182512564
708,21,10,1.0
709,21,10,1.0
710,18,16,1.0
711,19,15,0.17535897328275984
711,19,14,0.13320534157814953
711,20,14,0.3459406179613578
711,20,15,0.34549506717773293
712,19,16,0.9379888556137026
712,20,16,0.062011144386297415
713,18,12,0.6119365570788837
713,18,13,0.3489727823587614
713,19,13,0.019425627552827604
713,19,12,0.019665033009527357
714,21,11,0.3149489053853693
714,21,10,0.6850510946146308
715,19,13,0.031760362037105416
715,20,12,0.28545275324957337
715,20,13,0.6827868847133213
716,20,11,0.8269550982665128
716,20,10,0.17304490173348716
717,18,11,0.00805472107400495
717,18,12,0.3135883671978316
717,19,12,0.6673061163268742
717,19,11,0.011050795401289242
718,18,15,0.8731561678444212
718,19,15,0.09862873605153426
718,18,16,0.028215096104044556
719,18,11,0.4851398470459187
719,18,12,0.5148601529540812
720,19,13,0.00336272206517592
720,19,12,0.4542515565388157
720,20,12,0.5423612153849015
720,20,13,2.4506011107037855e-05
721,19,13,0.16984956582704752
721,19,12,0.8301504341729524
722,18,13,0.021643033838783646
722,19,13,0.9111016736498083
722,19,12,0.06725529251140817
723,20,12,0.23819454969551665
723,20,11,0.755155586224375
723,21,11,0.006649864080108478
724,18,14,1.0
725,20,14,0.08735311866842212
725,20,13,0.286376682557594
725,21,14,0.06772171054969058
725,21,13,0.5585484882242933
726,19,17,0.3317978220186296
726,19,16,0.4650236038078686
726,20,16,0.1911260089706436
726,20,17,0.012052565202858226
727,17,11,0.9057487879884343
727,18,11,0.09425121201156578
728,19,13,0.5332760467731893
728,19,14,0.2755816957941651
728,20,14,0.00895349307615574
728,20,13,0.18218876435648987
729,18,12,0.8746382145145917
729,18,13,0.12536178548540844
730,19,16,0.0931860778796636
730,20,16,0.9068139221203363
731,19,12,0.030304459286397262
731,19,11,0.026001220825417826
731,20,12,0.5465723209056237
731,20,11,0.39712199898256134
732,20,10,1.0
733,18,16,0.4072336025430993
733,19,16,0.5927663974569007
734,21,11,0.046766615938638234
734,21,10,0.34371947731088925
734,22,10,0.5116720346377495
734,22,11,0.09784187211272304
735,17,15,0.5051744875288748
735,18,15,0.41594838728123074
735,17,16,0.011079188489513307
735,18,16,0.06779793670038126
736,21,11,0.6482532114543123
736,21,12,6.315103612202947e-06
736,22,11,0.3517404734420756
737,22,10,0.9455571939573556
737,22,11,0.054442806042644315
738,21,13,0.44864277606879427
738,21,12,0.5513572239312058
739,18,14,0.576962126432977
739,18,15,0.2516403639312567
739,19,15,0.05499172864875146
739,19,14,0.11640578098701482
740,17,14,0.028153520390242808
740,17,15,0.06581767796516493
740,18,14,0.5304520004240258
740,18,15,0.3755768012205664
741,18,14,0.11759224337025857
741,19,13,0.17489425998550906
741,19,14,0.7075134966442322
742,21,11,0.1628308686432176
742,21,12,0.6995104659160101
742,22,11,0.032759958884334674
742,22,12,0.1048987065564376
743,22,10,0.5957882878563483
743,23,10,0.40421171214365165
744,21,11,1.0
745,19,15,0.3563385763947585
745,19,16,0.5421409360138317
745,20,16,0.08200087226783674
745,20,15,0.019519615323572936
746,20,12,0.5405050209732978
746,20,13,0.042246089578915035
746,21,13,0.2311943643087902
746,21,12,0.186054525138997
747,22,10,1.0
748,20,14,0.7138427459613701
748,20,15,0.2861572540386299
749,19,15,2.531564252266881e-07
749,20,16,0.29034792063024506
749,20,15,0.7096518262133296
750,20,14,0.3206673358651139
750,20,13,0.6793326641348862
751,16,15,0.029026372783694864
751,17,15,0.39585075526766234
751,16,16,0.03981675306372667
751,17,16,0.5353061188849162
752,18,15,0.002300582831066542
752,19,15,0.788955766859544
752,19,14,0.20874365030938938
753,19,13,0.9898685092064125
753,19,14,0.005577111343045485
753,20,13,0.004554379450542079
754,18,15,0.7306247657076272
754,18,16,0.26937523429237265
692,17,13,0.0019501622174083113
692,18,13,0.9914978323289908
692,18,14,0.006552005453600945
779,15,21,1.0
464,16,26,1.0
40,20,28,0.06532127848001308
40,20,29,0.5900511347353525
40,21,29,0.3382678293227005
40,21,28,0.0063597574619338616
341,3,6,1.0
