cell_row,cell_col,lon,lat,district_id
0,0,67.5,7.5,
0,1,68.5,7.5,
0,2,69.5,7.5,
0,3,70.5,7.5,
0,4,71.5,7.5,
0,5,72.5,7.5,
0,6,73.5,7.5,
0,7,74.5,7.5,
0,8,75.5,7.5,
0,9,76.5,7.5,
0,10,77.5,7.5,
0,11,78.5,7.5,
0,12,79.5,7.5,
0,13,80.5,7.5,
0,14,81.5,7.5,
0,15,82.5,7.5,
0,16,83.5,7.5,
0,17,84.5,7.5,
0,18,85.5,7.5,
0,19,86.5,7.5,
0,20,87.5,7.5,
0,21,88.5,7.5,
0,22,89.5,7.5,
0,23,90.5,7.5,
0,24,91.5,7.5,
0,25,92.5,7.5,
0,26,93.5,7.5,
0,27,94.5,7.5,
0,28,95.5,7.5,
0,29,96.5,7.5,
0,30,97.5,7.5,
1,0,67.5,8.5,
1,1,68.5,8.5,
1,2,69.5,8.5,
1,3,70.5,8.5,
1,4,71.5,8.5,
1,5,72.5,8.5,
1,6,73.5,8.5,
1,7,74.5,8.5,
1,8,75.5,8.5,
1,9,76.5,8.5,
1,10,77.5,8.5,532.0
1,11,78.5,8.5,
1,12,79.5,8.5,
1,13,80.5,8.5,
1,14,81.5,8.5,
1,15,82.5,8.5,
1,16,83.5,8.5,
1,17,84.5,8.5,
1,18,85.5,8.5,
1,19,86.5,8.5,
1,20,87.5,8.5,
1,21,88.5,8.5,
1,22,89.5,8.5,
1,23,90.5,8.5,
1,24,91.5,8.5,
1,25,92.5,8.5,
1,26,93.5,8.5,
1,27,94.5,8.5,
1,28,95.5,8.5,
1,29,96.5,8.5,
1,30,97.5,8.5,
2,0,67.5,9.5,
2,1,68.5,9.5,
2,2,69.5,9.5,
2,3,70.5,9.5,
2,4,71.5,9.5,
2,5,72.5,9.5,
2,6,73.5,9.5,
2,7,74.5,9.5,
2,8,75.5,9.5,
2,9,76.5,9.5,261.0
2,10,77.5,9.5,540.0
2,11,78.5,9.5,523.0
2,12,79.5,9.5,
2,13,80.5,9.5,
2,14,81.5,9.5,
2,15,82.5,9.5,
2,16,83.5,9.5,
2,17,84.5,9.5,
2,18,85.5,9.5,
2,19,86.5,9.5,
2,20,87.5,9.5,
2,21,88.5,9.5,
2,22,89.5,9.5,
2,23,90.5,9.5,
2,24,91.5,9.5,
2,25,92.5,9.5,
2,26,93.5,9.5,
2,27,94.5,9.5,
2,28,95.5,9.5,
2,29,96.5,9.5,
2,30,97.5,9.5,
3,0,67.5,10.5,
3,1,68.5,10.5,
3,2,69.5,10.5,
3,3,70.5,10.5,
3,4,71.5,10.5,
3,5,72.5,10.5,
3,6,73.5,10.5,
3,7,74.5,10.5,
3,8,75.5,10.5,
3,9,76.5,10.5,270.0
3,10,77.5,10.5,510.0
3,11,78.5,10.5,522.0
3,12,79.5,10.5,530.0
3,13,80.5,10.5,
3,14,81.5,10.5,
3,15,82.5,10.5,
3,16,83.5,10.5,
3,17,84.5,10.5,
3,18,85.5,10.5,
3,19,86.5,10.5,
3,20,87.5,10.5,
3,21,88.5,10.5,
3,22,89.5,10.5,
3,23,90.5,10.5,
3,24,91.5,10.5,
3,25,92.5,10.5,
3,26,93.5,10.5,
3,27,94.5,10.5,
3,28,95.5,10.5,
3,29,96.5,10.5,
3,30,97.5,10.5,
4,0,67.5,11.5,
4,1,68.5,11.5,
4,2,69.5,11.5,
4,3,70.5,11.5,
4,4,71.5,11.5,
4,5,72.5,11.5,
4,6,73.5,11.5,
4,7,74.5,11.5,
4,8,75.5,11.5,
4,9,76.5,11.5,520.0
4,10,77.5,11.5,511.0
4,11,78.5,11.5,525.0
4,12,79.5,11.5,508.0
4,13,80.5,11.5,
4,14,81.5,11.5,
4,15,82.5,11.5,
4,16,83.5,11.5,
4,17,84.5,11.5,
4,18,85.5,11.5,
4,19,86.5,11.5,
4,20,87.5,11.5,
4,21,88.5,11.5,
4,22,89.5,11.5,
4,23,90.5,11.5,
4,24,91.5,11.5,
4,25,92.5,11.5,
4,26,93.5,11.5,
4,27,94.5,11.5,
4,28,95.5,11.5,
4,29,96.5,11.5,
4,30,97.5,11.5,
5,0,67.5,12.5,
5,1,68.5,12.5,
5,2,69.5,12.5,
5,3,70.5,12.5,
5,4,71.5,12.5,
5,5,72.5,12.5,
5,6,73.5,12.5,
5,7,74.5,12.5,
5,8,75.5,12.5,241.0
5,9,76.5,12.5,251.0
5,10,77.5,12.5,
5,11,78.5,12.5,
5,12,79.5,12.5,536.0
5,13,80.5,12.5,
5,14,81.5,12.5,
5,15,82.5,12.5,
5,16,83.5,12.5,
5,17,84.5,12.5,
5,18,85.5,12.5,
5,19,86.5,12.5,
5,20,87.5,12.5,
5,21,88.5,12.5,
5,22,89.5,12.5,
5,23,90.5,12.5,
5,24,91.5,12.5,
5,25,92.5,12.5,
5,26,93.5,12.5,
5,27,94.5,12.5,
5,28,95.5,12.5,
5,29,96.5,12.5,
5,30,97.5,12.5,
6,0,67.5,13.5,
6,1,68.5,13.5,
6,2,69.5,13.5,
6,3,70.5,13.5,
6,4,71.5,13.5,
6,5,72.5,13.5,
6,6,73.5,13.5,
6,7,74.5,13.5,
6,8,75.5,13.5,239.0
6,9,76.5,13.5,256.0
6,10,77.5,13.5,
6,11,78.5,13.5,
6,12,79.5,13.5,
6,13,80.5,13.5,
6,14,81.5,13.5,
6,15,82.5,13.5,
6,16,83.5,13.5,
6,17,84.5,13.5,
6,18,85.5,13.5,
6,19,86.5,13.5,
6,20,87.5,13.5,
6,21,88.5,13.5,
6,22,89.5,13.5,
6,23,90.5,13.5,
6,24,91.5,13.5,
6,25,92.5,13.5,
6,26,93.5,13.5,
6,27,94.5,13.5,
6,28,95.5,13.5,
6,29,96.5,13.5,
6,30,97.5,13.5,
7,0,67.5,14.5,
7,1,68.5,14.5,
7,2,69.5,14.5,
7,3,70.5,14.5,
7,4,71.5,14.5,
7,5,72.5,14.5,
7,6,73.5,14.5,
7,7,74.5,14.5,258.0
7,8,75.5,14.5,246.0
7,9,76.5,14.5,240.0
7,10,77.5,14.5,
7,11,78.5,14.5,15.0
7,12,79.5,14.5,9.0
7,13,80.5,14.5,
7,14,81.5,14.5,
7,15,82.5,14.5,
7,16,83.5,14.5,
7,17,84.5,14.5,
7,18,85.5,14.5,
7,19,86.5,14.5,
7,20,87.5,14.5,
7,21,88.5,14.5,
7,22,89.5,14.5,
7,23,90.5,14.5,
7,24,91.5,14.5,
7,25,92.5,14.5,
7,26,93.5,14.5,
7,27,94.5,14.5,
7,28,95.5,14.5,
7,29,96.5,14.5,
7,30,97.5,14.5,
8,0,67.5,15.5,
8,1,68.5,15.5,
8,2,69.5,15.5,
8,3,70.5,15.5,
8,4,71.5,15.5,
8,5,72.5,15.5,
8,6,73.5,15.5,
8,7,74.5,15.5,233.0
8,8,75.5,15.5,244.0
8,9,76.5,15.5,250.0
8,10,77.5,15.5,8.0
8,11,78.5,15.5,
8,12,79.5,15.5,10.0
8,13,80.5,15.5,
8,14,81.5,15.5,
8,15,82.5,15.5,
8,16,83.5,15.5,
8,17,84.5,15.5,
8,18,85.5,15.5,
8,19,86.5,15.5,
8,20,87.5,15.5,
8,21,88.5,15.5,
8,22,89.5,15.5,
8,23,90.5,15.5,
8,24,91.5,15.5,
8,25,92.5,15.5,
8,26,93.5,15.5,
8,27,94.5,15.5,
8,28,95.5,15.5,
8,29,96.5,15.5,
8,30,97.5,15.5,
9,0,67.5,16.5,
9,1,68.5,16.5,
9,2,69.5,16.5,
9,3,70.5,16.5,
9,4,71.5,16.5,
9,5,72.5,16.5,
9,6,73.5,16.5,357.0
9,7,74.5,16.5,233.0
9,8,75.5,16.5,259.0
9,9,76.5,16.5,260.0
9,10,77.5,16.5,560.0
9,11,78.5,16.5,558.0
9,12,79.5,16.5,
9,13,80.5,16.5,6.0
9,14,81.5,16.5,14.0
9,15,82.5,16.5,
9,16,83.5,16.5,
9,17,84.5,16.5,
9,18,85.5,16.5,
9,19,86.5,16.5,
9,20,87.5,16.5,
9,21,88.5,16.5,
9,22,89.5,16.5,
9,23,90.5,16.5,
9,24,91.5,16.5,
9,25,92.5,16.5,
9,26,93.5,16.5,
9,27,94.5,16.5,
9,28,95.5,16.5,
9,29,96.5,16.5,
9,30,97.5,16.5,
10,0,67.5,17.5,
10,1,68.5,17.5,
10,2,69.5,17.5,
10,3,70.5,17.5,
10,4,71.5,17.5,
10,5,72.5,17.5,
10,6,73.5,17.5,353.0
10,7,74.5,17.5,356.0
10,8,75.5,17.5,358.0
10,9,76.5,17.5,247.0
10,10,77.5,17.5,247.0
10,11,78.5,17.5,556.0
10,12,79.5,17.5,
10,13,80.5,17.5,542.0
10,14,81.5,17.5,
10,15,82.5,17.5,
10,16,83.5,17.5,
10,17,84.5,17.5,
10,18,85.5,17.5,
10,19,86.5,17.5,
10,20,87.5,17.5,
10,21,88.5,17.5,
10,22,89.5,17.5,
10,23,90.5,17.5,
10,24,91.5,17.5,
10,25,92.5,17.5,
10,26,93.5,17.5,
10,27,94.5,17.5,
10,28,95.5,17.5,
10,29,96.5,17.5,
10,30,97.5,17.5,
11,0,67.5,18.5,
11,1,68.5,18.5,
11,2,69.5,18.5,
11,3,70.5,18.5,
11,4,71.5,18.5,
11,5,72.5,18.5,
11,6,73.5,18.5,352.0
11,7,74.5,18.5,352.0
11,8,75.5,18.5,
11,9,76.5,18.5,344.0
11,10,77.5,18.5,347.0
11,11,78.5,18.5,562.0
11,12,79.5,18.5,563.0
11,13,80.5,18.5,557.0
11,14,81.5,18.5,120.0
11,15,82.5,18.5,
11,16,83.5,18.5,13.0
11,17,84.5,18.5,
11,18,85.5,18.5,
11,19,86.5,18.5,
11,20,87.5,18.5,
11,21,88.5,18.5,
11,22,89.5,18.5,
11,23,90.5,18.5,
11,24,91.5,18.5,
11,25,92.5,18.5,
11,26,93.5,18.5,
11,27,94.5,18.5,
11,28,95.5,18.5,
11,29,96.5,18.5,
11,30,97.5,18.5,
12,0,67.5,19.5,
12,1,68.5,19.5,
12,2,69.5,19.5,
12,3,70.5,19.5,
12,4,71.5,19.5,
12,5,72.5,19.5,
12,6,73.5,19.5,360.0
12,7,74.5,19.5,
12,8,75.5,19.5,
12,9,76.5,19.5,351.0
12,10,77.5,19.5,347.0
12,11,78.5,19.5,541.0
12,12,79.5,19.5,551.0
12,13,80.5,19.5,338.0
12,14,81.5,19.5,111.0
12,15,82.5,19.5,433.0
12,16,83.5,19.5,437.0
12,17,84.5,19.5,421.0
12,18,85.5,19.5,
12,19,86.5,19.5,
12,20,87.5,19.5,
12,21,88.5,19.5,
12,22,89.5,19.5,
12,23,90.5,19.5,
12,24,91.5,19.5,
12,25,92.5,19.5,
12,26,93.5,19.5,
12,27,94.5,19.5,
12,28,95.5,19.5,
12,29,96.5,19.5,
12,30,97.5,19.5,
13,0,67.5,20.5,
13,1,68.5,20.5,
13,2,69.5,20.5,
13,3,70.5,20.5,
13,4,71.5,20.5,
13,5,72.5,20.5,
13,6,73.5,20.5,349.0
13,7,74.5,20.5,349.0
13,8,75.5,20.5,
13,9,76.5,20.5,335.0
13,10,77.5,20.5,363.0
13,11,78.5,20.5,364.0
13,12,79.5,20.5,336.0
13,13,80.5,20.5,338.0
13,14,81.5,20.5,123.0
13,15,82.5,20.5,435.0
13,16,83.5,20.5,416.0
13,17,84.5,20.5,
13,18,85.5,20.5,417.0
13,19,86.5,20.5,
13,20,87.5,20.5,
13,21,88.5,20.5,
13,22,89.5,20.5,
13,23,90.5,20.5,
13,24,91.5,20.5,
13,25,92.5,20.5,
13,26,93.5,20.5,
13,27,94.5,20.5,
13,28,95.5,20.5,
13,29,96.5,20.5,
13,30,97.5,20.5,
14,0,67.5,21.5,
14,1,68.5,21.5,
14,2,69.5,21.5,
14,3,70.5,21.5,155.0
14,4,71.5,21.5,146.0
14,5,72.5,21.5,
14,6,73.5,21.5,161.0
14,7,74.5,21.5,348.0
14,8,75.5,21.5,
14,9,76.5,21.5,285.0
14,10,77.5,21.5,282.0
14,11,78.5,21.5,346.0
14,12,79.5,21.5,333.0
14,13,80.5,21.5,280.0
14,14,81.5,21.5,100.0
14,15,82.5,21.5,97.0
14,16,83.5,21.5,
14,17,84.5,21.5,418.0
14,18,85.5,21.5,428.0
14,19,86.5,21.5,432.0
14,20,87.5,21.5,
14,21,88.5,21.5,
14,22,89.5,21.5,
14,23,90.5,21.5,
14,24,91.5,21.5,
14,25,92.5,21.5,
14,26,93.5,21.5,
14,27,94.5,21.5,
14,28,95.5,21.5,
14,29,96.5,21.5,
14,30,97.5,21.5,
15,0,67.5,22.5,
15,1,68.5,22.5,
15,2,69.5,22.5,
15,3,70.5,22.5,154.0
15,4,71.5,22.5,169.0
15,5,72.5,22.5,142.0
15,6,73.5,22.5,163.0
15,7,74.5,22.5,277.0
15,8,75.5,22.5,291.0
15,9,76.5,22.5,290.0
15,10,77.5,22.5,
15,11,78.5,22.5,
15,12,79.5,22.5,317.0
15,13,80.5,22.5,303.0
15,14,81.5,22.5,115.0
15,15,82.5,22.5,112.0
15,16,83.5,22.5,117.0
15,17,84.5,22.5,229.0
15,18,85.5,22.5,230.0
15,19,86.5,22.5,212.0
15,20,87.5,22.5,687.0
15,21,88.5,22.5,691.0
15,22,89.5,22.5,
15,23,90.5,22.5,
15,24,91.5,22.5,
15,25,92.5,22.5,
15,26,93.5,22.5,
15,27,94.5,22.5,
15,28,95.5,22.5,
15,29,96.5,22.5,
15,30,97.5,22.5,
16,0,67.5,23.5,
16,1,68.5,23.5,
16,2,69.5,23.5,156.0
16,3,70.5,23.5,156.0
16,4,71.5,23.5,156.0
16,5,72.5,23.5,158.0
16,6,73.5,23.5,
16,7,74.5,23.5,469.0
16,8,75.5,23.5,325.0
16,9,76.5,23.5,319.0
16,10,77.5,23.5,284.0
16,11,78.5,23.5,310.0
16,12,79.5,23.5,288.0
16,13,80.5,23.5,302.0
16,14,81.5,23.5,318.0
16,15,82.5,23.5,113.0
16,16,83.5,23.5,98.0
16,17,84.5,23.5,222.0
16,18,85.5,23.5,226.0
16,19,86.5,23.5,690.0
16,20,87.5,23.5,688.0
16,21,88.5,23.5,684.0
16,22,89.5,23.5,
16,23,90.5,23.5,
16,24,91.5,23.5,
16,25,92.5,23.5,397.0
16,26,93.5,23.5,
16,27,94.5,23.5,
16,28,95.5,23.5,
16,29,96.5,23.5,
16,30,97.5,23.5,
17,0,67.5,24.5,
17,1,68.5,24.5,
17,2,69.5,24.5,
17,3,70.5,24.5,
17,4,71.5,24.5,144.0
17,5,72.5,24.5,497.0
17,6,73.5,24.5,499.0
17,7,74.5,24.5,476.0
17,8,75.5,24.5,
17,9,76.5,24.5,486.0
17,10,77.5,24.5,279.0
17,11,78.5,24.5,629.0
17,12,79.5,24.5,286.0
17,13,80.5,24.5,315.0
17,14,81.5,24.5,313.0
17,15,82.5,24.5,323.0
17,16,83.5,24.5,213.0
17,17,84.5,24.5,66.0
17,18,85.5,24.5,
17,19,86.5,24.5,69.0
17,20,87.5,24.5,211.0
17,21,88.5,24.5,
17,22,89.5,24.5,
17,23,90.5,24.5,
17,24,91.5,24.5,
17,25,92.5,24.5,44.0
17,26,93.5,24.5,367.0
17,27,94.5,24.5,
17,28,95.5,24.5,
17,29,96.5,24.5,
17,30,97.5,24.5,
18,0,67.5,25.5,
18,1,68.5,25.5,
18,2,69.5,25.5,
18,3,70.5,25.5,
18,4,71.5,25.5,471.0
18,5,72.5,25.5,
18,6,73.5,25.5,492.0
18,7,74.5,25.5,473.0
18,8,75.5,25.5,475.0
18,9,76.5,25.5,490.0
18,10,77.5,25.5,321.0
18,11,78.5,25.5,621.0
18,12,79.5,25.5,615.0
18,13,80.5,25.5,594.0
18,14,81.5,25.5,626.0
18,15,82.5,25.5,620.0
18,16,83.5,25.5,
18,17,84.5,25.5,63.0
18,18,85.5,25.5,94.0
18,19,86.5,25.5,72.0
18,20,87.5,25.5,71.0
18,21,88.5,25.5,673.0
18,22,89.5,25.5,
18,23,90.5,25.5,381.0
18,24,91.5,25.5,391.0
18,25,92.5,25.5,390.0
18,26,93.5,25.5,
18,27,94.5,25.5,380.0
18,28,95.5,25.5,
18,29,96.5,25.5,
18,30,97.5,25.5,
19,0,67.5,26.5,
19,1,68.5,26.5,
19,2,69.5,26.5,
19,3,70.5,26.5,484.0
19,4,71.5,26.5,484.0
19,5,72.5,26.5,488.0
19,6,73.5,26.5,488.0
19,7,74.5,26.5,467.0
19,8,75.5,26.5,
19,9,76.5,26.5,
19,10,77.5,26.5,479.0
19,11,78.5,26.5,283.0
19,12,79.5,26.5,587.0
19,13,80.5,26.5,655.0
19,14,81.5,26.5,585.0
19,15,82.5,26.5,
19,16,83.5,26.5,614.0
19,17,84.5,26.5,67.0
19,18,85.5,26.5,91.0
19,19,86.5,26.5,76.0
19,20,87.5,26.5,
19,21,88.5,26.5,
19,22,89.5,26.5,670.0
19,23,90.5,26.5,30.0
19,24,91.5,26.5,50.0
19,25,92.5,26.5,49.0
19,26,93.5,26.5,43.0
19,27,94.5,26.5,404.0
19,28,95.5,26.5,
19,29,96.5,26.5,
19,30,97.5,26.5,
20,0,67.5,27.5,
20,1,68.5,27.5,
20,2,69.5,27.5,
20,3,70.5,27.5,484.0
20,4,71.5,27.5,484.0
20,5,72.5,27.5,
20,6,73.5,27.5,474.0
20,7,74.5,27.5,
20,8,75.5,27.5,496.0
20,9,76.5,27.5,468.0
20,10,77.5,27.5,634.0
20,11,78.5,27.5,605.0
20,12,79.5,27.5,607.0
20,13,80.5,27.5,652.0
20,14,81.5,27.5,591.0
20,15,82.5,27.5,593.0
20,16,83.5,27.5,
20,17,84.5,27.5,
20,18,85.5,27.5,
20,19,86.5,27.5,
20,20,87.5,27.5,
20,21,88.5,27.5,
20,22,89.5,27.5,
20,23,90.5,27.5,
20,24,91.5,27.5,
20,25,92.5,27.5,
20,26,93.5,27.5,
20,27,94.5,27.5,32.0
20,28,95.5,27.5,54.0
20,29,96.5,27.5,17.0
20,30,97.5,27.5,
21,0,67.5,28.5,
21,1,68.5,28.5,
21,2,69.5,28.5,
21,3,70.5,28.5,
21,4,71.5,28.5,
21,5,72.5,28.5,474.0
21,6,73.5,28.5,474.0
21,7,74.5,28.5,477.0
21,8,75.5,28.5,477.0
21,9,76.5,28.5,180.0
21,10,77.5,28.5,
21,11,78.5,28.5,646.0
21,12,79.5,28.5,596.0
21,13,80.5,28.5,627.0
21,14,81.5,28.5,
21,15,82.5,28.5,
21,16,83.5,28.5,
21,17,84.5,28.5,
21,18,85.5,28.5,
21,19,86.5,28.5,
21,20,87.5,28.5,
21,21,88.5,28.5,
21,22,89.5,28.5,
21,23,90.5,28.5,
21,24,91.5,28.5,
21,25,92.5,28.5,
21,26,93.5,28.5,
21,27,94.5,28.5,
21,28,95.5,28.5,21.0
21,29,96.5,28.5,
21,30,97.5,28.5,
22,0,67.5,29.5,
22,1,68.5,29.5,
22,2,69.5,29.5,
22,3,70.5,29.5,
22,4,71.5,29.5,
22,5,72.5,29.5,
22,6,73.5,29.5,
22,7,74.5,29.5,482.0
22,8,75.5,29.5,177.0
22,9,76.5,29.5,181.0
22,10,77.5,29.5,639.0
22,11,78.5,29.5,599.0
22,12,79.5,29.5,657.0
22,13,80.5,29.5,
22,14,81.5,29.5,
22,15,82.5,29.5,
22,16,83.5,29.5,
22,17,84.5,29.5,
22,18,85.5,29.5,
22,19,86.5,29.5,
22,20,87.5,29.5,
22,21,88.5,29.5,
22,22,89.5,29.5,
22,23,90.5,29.5,
22,24,91.5,29.5,
22,25,92.5,29.5,
22,26,93.5,29.5,
22,27,94.5,29.5,
22,28,95.5,29.5,
22,29,96.5,29.5,
22,30,97.5,29.5,
23,0,67.5,30.5,
23,1,68.5,30.5,
23,2,69.5,30.5,
23,3,70.5,30.5,
23,4,71.5,30.5,
23,5,72.5,30.5,
23,6,73.5,30.5,
23,7,74.5,30.5,465.0
23,8,75.5,30.5,446.0
23,9,76.5,30.5,460.0
23,10,77.5,30.5,204.0
23,11,78.5,30.5,667.0
23,12,79.5,30.5,659.0
23,13,80.5,30.5,
23,14,81.5,30.5,
23,15,82.5,30.5,
23,16,83.5,30.5,
23,17,84.5,30.5,
23,18,85.5,30.5,
23,19,86.5,30.5,
23,20,87.5,30.5,
23,21,88.5,30.5,
23,22,89.5,30.5,
23,23,90.5,30.5,
23,24,91.5,30.5,
23,25,92.5,30.5,
23,26,93.5,30.5,
23,27,94.5,30.5,
23,28,95.5,30.5,
23,29,96.5,30.5,
23,30,97.5,30.5,
24,0,67.5,31.5,
24,1,68.5,31.5,
24,2,69.5,31.5,
24,3,70.5,31.5,
24,4,71.5,31.5,
24,5,72.5,31.5,
24,6,73.5,31.5,
24,7,74.5,31.5,
24,8,75.5,31.5,455.0
24,9,76.5,31.5,
24,10,77.5,31.5,200.0
24,11,78.5,31.5,199.0
24,12,79.5,31.5,
24,13,80.5,31.5,
24,14,81.5,31.5,
24,15,82.5,31.5,
24,16,83.5,31.5,
24,17,84.5,31.5,
24,18,85.5,31.5,
24,19,86.5,31.5,
24,20,87.5,31.5,
24,21,88.5,31.5,
24,22,89.5,31.5,
24,23,90.5,31.5,
24,24,91.5,31.5,
24,25,92.5,31.5,
24,26,93.5,31.5,
24,27,94.5,31.5,
24,28,95.5,31.5,
24,29,96.5,31.5,
24,30,97.5,31.5,
25,0,67.5,32.5,
25,1,68.5,32.5,
25,2,69.5,32.5,
25,3,70.5,32.5,
25,4,71.5,32.5,
25,5,72.5,32.5,
25,6,73.5,32.5,
25,7,74.5,32.5,
25,8,75.5,32.5,
25,9,76.5,32.5,196.0
25,10,77.5,32.5,201.0
25,11,78.5,32.5,
25,12,79.5,32.5,
25,13,80.5,32.5,
25,14,81.5,32.5,
25,15,82.5,32.5,
25,16,83.5,32.5,
25,17,84.5,32.5,
25,18,85.5,32.5,
25,19,86.5,32.5,
25,20,87.5,32.5,
25,21,88.5,32.5,
25,22,89.5,32.5,
25,23,90.5,32.5,
25,24,91.5,32.5,
25,25,92.5,32.5,
25,26,93.5,32.5,
25,27,94.5,32.5,
25,28,95.5,32.5,
25,29,96.5,32.5,
25,30,97.5,32.5,
26,0,67.5,33.5,
26,1,68.5,33.5,
26,2,69.5,33.5,
26,3,70.5,33.5,
26,4,71.5,33.5,
26,5,72.5,33.5,
26,6,73.5,33.5,
26,7,74.5,33.5,
26,8,75.5,33.5,
26,9,76.5,33.5,
26,10,77.5,33.5,
26,11,78.5,33.5,
26,12,79.5,33.5,
26,13,80.5,33.5,
26,14,81.5,33.5,
26,15,82.5,33.5,
26,16,83.5,33.5,
26,17,84.5,33.5,
26,18,85.5,33.5,
26,19,86.5,33.5,
26,20,87.5,33.5,
26,21,88.5,33.5,
26,22,89.5,33.5,
26,23,90.5,33.5,
26,24,91.5,33.5,
26,25,92.5,33.5,
26,26,93.5,33.5,
26,27,94.5,33.5,
26,28,95.5,33.5,
26,29,96.5,33.5,
26,30,97.5,33.5,
27,0,67.5,34.5,
27,1,68.5,34.5,
27,2,69.5,34.5,
27,3,70.5,34.5,
27,4,71.5,34.5,
27,5,72.5,34.5,
27,6,73.5,34.5,
27,7,74.5,34.5,
27,8,75.5,34.5,
27,9,76.5,34.5,
27,10,77.5,34.5,
27,11,78.5,34.5,
27,12,79.5,34.5,
27,13,80.5,34.5,
27,14,81.5,34.5,
27,15,82.5,34.5,
27,16,83.5,34.5,
27,17,84.5,34.5,
27,18,85.5,34.5,
27,19,86.5,34.5,
27,20,87.5,34.5,
27,21,88.5,34.5,
27,22,89.5,34.5,
27,23,90.5,34.5,
27,24,91.5,34.5,
27,25,92.5,34.5,
27,26,93.5,34.5,
27,27,94.5,34.5,
27,28,95.5,34.5,
27,29,96.5,34.5,
27,30,97.5,34.5,
28,0,67.5,35.5,
28,1,68.5,35.5,
28,2,69.5,35.5,
28,3,70.5,35.5,
28,4,71.5,35.5,
28,5,72.5,35.5,
28,6,73.5,35.5,
28,7,74.5,35.5,
28,8,75.5,35.5,
28,9,76.5,35.5,
28,10,77.5,35.5,
28,11,78.5,35.5,
28,12,79.5,35.5,
28,13,80.5,35.5,
28,14,81.5,35.5,
28,15,82.5,35.5,
28,16,83.5,35.5,
28,17,84.5,35.5,
28,18,85.5,35.5,
28,19,86.5,35.5,
28,20,87.5,35.5,
28,21,88.5,35.5,
28,22,89.5,35.5,
28,23,90.5,35.5,
28,24,91.5,35.5,
28,25,92.5,35.5,
28,26,93.5,35.5,
28,27,94.5,35.5,
28,28,95.5,35.5,
28,29,96.5,35.5,
28,30,97.5,35.5,
29,0,67.5,36.5,
29,1,68.5,36.5,
29,2,69.5,36.5,
29,3,70.5,36.5,
29,4,71.5,36.5,
29,5,72.5,36.5,
29,6,73.5,36.5,
29,7,74.5,36.5,
29,8,75.5,36.5,
29,9,76.5,36.5,
29,10,77.5,36.5,
29,11,78.5,36.5,
29,12,79.5,36.5,
29,13,80.5,36.5,
29,14,81.5,36.5,
29,15,82.5,36.5,
29,16,83.5,36.5,
29,17,84.5,36.5,
29,18,85.5,36.5,
29,19,86.5,36.5,
29,20,87.5,36.5,
29,21,88.5,36.5,
29,22,89.5,36.5,
29,23,90.5,36.5,
29,24,91.5,36.5,
29,25,92.5,36.5,
29,26,93.5,36.5,
29,27,94.5,36.5,
29,28,95.5,36.5,
29,29,96.5,36.5,
29,30,97.5,36.5,
30,0,67.5,37.5,
30,1,68.5,37.5,
30,2,69.5,37.5,
30,3,70.5,37.5,
30,4,71.5,37.5,
30,5,72.5,37.5,
30,6,73.5,37.5,
30,7,74.5,37.5,
30,8,75.5,37.5,
30,9,76.5,37.5,
30,10,77.5,37.5,
30,11,78.5,37.5,
30,12,79.5,37.5,
30,13,80.5,37.5,
30,14,81.5,37.5,
30,15,82.5,37.5,
30,16,83.5,37.5,
30,17,84.5,37.5,
30,18,85.5,37.5,
30,19,86.5,37.5,
30,20,87.5,37.5,
30,21,88.5,37.5,
30,22,89.5,37.5,
30,23,90.5,37.5,
30,24,91.5,37.5,
30,25,92.5,37.5,
30,26,93.5,37.5,
30,27,94.5,37.5,
30,28,95.5,37.5,
30,29,96.5,37.5,
30,30,97.5,37.5,
5,25,92.5,12.5,1.0
4,25,92.5,11.5,2.0
6,11,78.5,13.5,4.0
10,14,81.5,17.5,5.0
9,13,80.5,16.5,7.0
11,17,84.5,18.5,11.0
10,16,83.5,17.5,12.0
21,29,96.5,28.5,16.0
20,25,92.5,27.5,18.0
20,29,96.5,27.5,19.0
19,28,95.5,26.5,20.0
20,29,96.5,27.5,22.0
20,28,95.5,27.5,23.0
19,24,91.5,26.5,24.0
19,23,90.5,26.5,25.0
19,26,93.5,26.5,26.0
19,23,90.5,26.5,27.0
17,25,92.5,24.5,28.0
20,28,95.5,27.5,29.0
19,23,90.5,26.5,33.0
20,28,95.5,27.5,34.0
18,26,93.5,25.5,35.0
19,23,90.5,26.5,36.0
19,26,93.5,26.5,37.0
17,25,92.5,24.5,38.0
18,25,92.5,25.5,39.0
19,27,94.5,26.5,40.0
19,24,91.5,26.5,41.0
19,23,90.5,26.5,45.0
20,27,94.5,27.5,46.0
19,27,94.5,26.5,47.0
19,25,92.5,26.5,48.0
19,27,94.5,26.5,51.0
19,25,92.5,26.5,52.0
18,22,89.5,25.5,53.0
19,25,92.5,26.5,55.0
18,25,92.5,25.5,56.0
19,20,87.5,26.5,57.0
18,17,84.5,25.5,58.0
17,17,84.5,24.5,59.0
17,19,86.5,24.5,60.0
18,19,86.5,25.5,61.0
18,20,87.5,25.5,62.0
18,17,84.5,25.5,64.0
19,19,86.5,26.5,65.0
18,18,85.5,25.5,68.0
17,16,83.5,24.5,70.0
19,20,87.5,26.5,73.0
18,19,86.5,25.5,74.0
18,19,86.5,25.5,75.0
18,19,86.5,25.5,77.0
19,18,85.5,26.5,78.0
18,18,85.5,25.5,79.0
17,18,85.5,24.5,80.0
20,17,84.5,27.5,81.0
18,18,85.5,25.5,82.0
19,17,84.5,26.5,83.0
18,20,87.5,25.5,84.0
17,17,84.5,24.5,85.0
18,19,86.5,25.5,86.0
18,18,85.5,25.5,87.0
18,17,84.5,25.5,88.0
18,18,85.5,25.5,89.0
19,18,85.5,26.5,90.0
19,17,84.5,26.5,92.0
19,19,86.5,26.5,93.0
23,9,76.5,30.5,95.0
13,14,81.5,20.5,96.0
11,14,81.5,18.5,99.0
11,13,80.5,18.5,101.0
15,15,82.5,22.5,102.0
13,14,81.5,20.5,104.0
14,14,81.5,21.5,105.0
13,15,82.5,20.5,106.0
15,14,81.5,22.5,107.0
14,15,82.5,21.5,108.0
15,16,83.5,22.5,109.0
15,14,81.5,22.5,110.0
14,15,82.5,21.5,114.0
14,14,81.5,21.5,118.0
16,15,82.5,23.5,121.0
15,16,83.5,22.5,122.0
13,6,73.5,20.5,124.0
13,5,72.5,20.5,125.0
13,3,70.5,20.5,126.0
21,10,77.5,28.5,127.0
21,10,77.5,28.5,128.0
21,10,77.5,28.5,129.0
21,10,77.5,28.5,130.0
21,10,77.5,28.5,131.0
21,10,77.5,28.5,132.0
21,10,77.5,28.5,134.0
21,10,77.5,28.5,135.0
21,9,76.5,28.5,136.0
21,10,77.5,28.5,137.0
8,6,73.5,15.5,138.0
8,7,74.5,15.5,139.0
15,5,72.5,22.5,140.0
14,4,71.5,21.5,141.0
14,5,72.5,21.5,145.0
15,4,71.5,22.5,147.0
15,7,74.5,22.5,149.0
13,6,73.5,20.5,150.0
15,2,69.5,22.5,151.0
16,5,72.5,23.5,152.0
13,3,70.5,20.5,153.0
15,5,72.5,22.5,157.0
16,6,73.5,23.5,159.0
15,3,70.5,22.5,160.0
13,6,73.5,20.5,162.0
16,4,71.5,23.5,164.0
14,2,69.5,21.5,165.0
15,3,70.5,22.5,166.0
16,6,73.5,23.5,167.0
14,6,73.5,21.5,168.0
14,6,73.5,21.5,170.0
15,6,73.5,22.5,171.0
13,6,73.5,20.5,172.0
23,9,76.5,30.5,173.0
21,8,75.5,28.5,174.0
21,9,76.5,28.5,175.0
21,10,77.5,28.5,176.0
21,9,76.5,28.5,178.0
22,8,75.5,29.5,179.0
22,9,76.5,29.5,182.0
22,9,76.5,29.5,183.0
23,9,76.5,30.5,184.0
21,9,76.5,28.5,185.0
21,10,77.5,28.5,187.0
23,9,76.5,30.5,188.0
22,9,76.5,29.5,189.0
21,9,76.5,28.5,190.0
21,9,76.5,28.5,191.0
22,7,74.5,29.5,192.0
22,9,76.5,29.5,193.0
23,10,77.5,30.5,194.0
24,9,76.5,31.5,195.0
25,9,76.5,32.5,198.0
24,9,76.5,31.5,202.0
24,10,77.5,31.5,203.0
24,9,76.5,31.5,205.0
24,9,76.5,31.5,206.0
16,18,85.5,23.5,207.0
17,17,84.5,24.5,208.0
17,19,86.5,24.5,209.0
16,19,86.5,23.5,210.0
17,19,86.5,24.5,214.0
17,20,87.5,24.5,215.0
16,17,84.5,23.5,216.0
17,18,85.5,24.5,217.0
16,19,86.5,23.5,218.0
15,18,85.5,22.5,219.0
16,17,84.5,23.5,221.0
17,20,87.5,24.5,223.0
17,17,84.5,24.5,224.0
16,18,85.5,23.5,225.0
18,20,87.5,25.5,227.0
15,18,85.5,22.5,228.0
9,8,75.5,16.5,231.0
8,9,76.5,15.5,232.0
6,10,77.5,13.5,234.0
5,10,77.5,12.5,235.0
8,8,75.5,15.5,243.0
5,9,76.5,12.5,245.0
5,8,75.5,12.5,248.0
5,9,76.5,12.5,252.0
9,9,76.5,16.5,253.0
7,8,75.5,14.5,255.0
6,7,74.5,13.5,257.0
3,9,76.5,10.5,262.0
2,10,77.5,9.5,263.0
5,8,75.5,12.5,264.0
5,8,75.5,12.5,265.0
1,9,76.5,8.5,266.0
2,9,76.5,9.5,267.0
4,8,75.5,11.5,268.0
4,9,76.5,11.5,269.0
1,10,77.5,8.5,272.0
4,9,76.5,11.5,274.0
3,6,73.5,10.5,275.0
16,9,76.5,23.5,276.0
16,14,81.5,23.5,278.0
14,8,75.5,21.5,281.0
15,11,78.5,22.5,287.0
18,11,78.5,25.5,289.0
15,14,81.5,22.5,292.0
17,10,77.5,24.5,295.0
19,11,78.5,26.5,296.0
15,10,77.5,22.5,297.0
15,8,75.5,22.5,299.0
16,12,79.5,23.5,300.0
15,7,74.5,22.5,301.0
17,8,75.5,24.5,304.0
19,10,77.5,26.5,305.0
17,13,80.5,24.5,309.0
16,9,76.5,23.5,311.0
16,8,75.5,23.5,312.0
16,11,78.5,23.5,314.0
15,10,77.5,22.5,316.0
18,10,77.5,25.5,320.0
17,14,81.5,24.5,322.0
17,12,79.5,24.5,324.0
16,13,80.5,23.5,326.0
16,10,77.5,23.5,327.0
13,10,77.5,20.5,330.0
14,7,74.5,21.5,337.0
14,13,80.5,21.5,339.0
12,10,77.5,19.5,340.0
13,8,75.5,20.5,341.0
12,8,75.5,19.5,342.0
9,7,74.5,16.5,343.0
11,5,72.5,18.5,345.0
12,6,73.5,19.5,350.0
10,7,74.5,17.5,355.0
13,11,78.5,20.5,362.0
17,26,93.5,24.5,365.0
17,27,94.5,24.5,366.0
17,27,94.5,24.5,368.0
17,26,93.5,24.5,369.0
17,26,93.5,24.5,370.0
17,26,93.5,24.5,371.0
18,26,93.5,25.5,373.0
17,26,93.5,24.5,375.0
18,27,94.5,25.5,376.0
18,26,93.5,25.5,377.0
17,27,94.5,24.5,378.0
17,27,94.5,24.5,379.0
18,25,92.5,25.5,382.0
18,24,91.5,25.5,383.0
18,23,90.5,25.5,384.0
18,24,91.5,25.5,385.0
18,23,90.5,25.5,386.0
18,22,89.5,25.5,387.0
18,24,91.5,25.5,388.0
18,23,90.5,25.5,389.0
16,25,92.5,23.5,392.0
16,26,93.5,23.5,393.0
17,25,92.5,24.5,394.0
15,25,92.5,22.5,395.0
15,25,92.5,22.5,396.0
15,26,93.5,22.5,398.0
16,25,92.5,23.5,399.0
18,26,93.5,25.5,400.0
18,27,94.5,25.5,401.0
18,27,94.5,25.5,402.0
19,27,94.5,26.5,403.0
19,28,95.5,26.5,405.0
18,27,94.5,25.5,407.0
19,27,94.5,26.5,408.0
19,27,94.5,26.5,409.0
18,27,94.5,25.5,410.0
13,17,84.5,20.5,411.0
14,19,86.5,21.5,412.0
13,19,86.5,20.5,415.0
13,18,85.5,20.5,419.0
12,17,84.5,19.5,420.0
13,19,86.5,20.5,422.0
13,19,86.5,20.5,423.0
14,16,83.5,21.5,424.0
12,16,83.5,19.5,425.0
13,17,84.5,20.5,426.0
13,18,85.5,20.5,429.0
11,15,82.5,18.5,430.0
11,14,81.5,18.5,431.0
13,17,84.5,20.5,434.0
12,18,85.5,19.5,436.0
14,17,84.5,21.5,438.0
13,16,83.5,20.5,439.0
15,17,84.5,22.5,440.0
3,12,79.5,10.5,441.0
4,8,75.5,11.5,442.0
4,12,79.5,11.5,443.0
9,15,82.5,16.5,444.0
24,7,74.5,31.5,445.0
23,8,75.5,30.5,447.0
23,7,74.5,30.5,448.0
23,9,76.5,30.5,449.0
23,7,74.5,30.5,450.0
23,7,74.5,30.5,451.0
24,8,75.5,31.5,452.0
24,8,75.5,31.5,453.0
24,8,75.5,31.5,454.0
23,8,75.5,30.5,456.0
22,8,75.5,29.5,457.0
23,8,75.5,30.5,458.0
25,8,75.5,32.5,459.0
24,9,76.5,31.5,461.0
23,8,75.5,30.5,462.0
23,9,76.5,30.5,463.0
24,9,76.5,31.5,464.0
24,7,74.5,31.5,466.0
17,9,76.5,24.5,470.0
20,10,77.5,27.5,472.0
19,9,76.5,26.5,478.0
16,6,73.5,23.5,480.0
22,6,73.5,29.5,481.0
19,8,75.5,26.5,483.0
18,5,72.5,25.5,485.0
21,8,75.5,28.5,487.0
19,10,77.5,26.5,489.0
19,6,73.5,26.5,491.0
17,7,74.5,24.5,493.0
19,9,76.5,26.5,495.0
19,8,75.5,26.5,498.0
4,12,79.5,11.5,504.0
5,12,79.5,12.5,505.0
6,13,80.5,13.5,506.0
3,9,76.5,10.5,507.0
5,11,78.5,12.5,509.0
4,12,79.5,11.5,512.0
5,12,79.5,12.5,513.0
3,11,78.5,10.5,515.0
5,11,78.5,12.5,516.0
2,11,78.5,9.5,517.0
3,12,79.5,10.5,518.0
4,11,78.5,11.5,519.0
4,11,78.5,11.5,521.0
2,11,78.5,9.5,526.0
2,10,77.5,9.5,528.0
3,12,79.5,10.5,529.0
3,10,77.5,10.5,534.0
5,11,78.5,12.5,538.0
10,11,78.5,17.5,543.0
11,11,78.5,18.5,544.0
11,12,79.5,18.5,546.0
9,10,77.5,16.5,547.0
11,11,78.5,18.5,548.0
11,12,79.5,18.5,549.0
10,13,80.5,17.5,550.0
10,12,79.5,17.5,552.0
9,10,77.5,16.5,553.0
11,12,79.5,18.5,554.0
10,11,78.5,17.5,555.0
9,12,79.5,16.5,559.0
12,11,78.5,19.5,561.0
11,11,78.5,18.5,565.0
10,10,77.5,17.5,566.0
11,11,78.5,18.5,567.0
10,10,77.5,17.5,569.0
10,12,79.5,17.5,571.0
10,11,78.5,17.5,573.0
16,24,91.5,23.5,574.0
16,24,91.5,23.5,576.0
17,25,92.5,24.5,577.0
16,24,91.5,23.5,578.0
16,24,91.5,23.5,579.0
16,24,91.5,23.5,581.0
20,11,78.5,27.5,582.0
20,11,78.5,27.5,583.0
21,11,78.5,28.5,586.0
19,14,81.5,26.5,588.0
19,16,83.5,26.5,589.0
22,10,77.5,29.5,590.0
18,17,84.5,25.5,592.0
19,15,82.5,26.5,597.0
18,15,82.5,25.5,598.0
21,12,79.5,28.5,600.0
21,10,77.5,28.5,601.0
18,16,83.5,25.5,602.0
18,14,81.5,25.5,603.0
19,16,83.5,26.5,604.0
19,12,79.5,26.5,606.0
18,13,80.5,25.5,608.0
20,11,78.5,27.5,609.0
21,10,77.5,28.5,612.0
20,15,82.5,27.5,613.0
21,10,77.5,28.5,616.0
20,13,80.5,27.5,617.0
20,11,78.5,27.5,618.0
19,12,79.5,26.5,619.0
20,12,79.5,27.5,622.0
19,13,80.5,26.5,623.0
19,12,79.5,26.5,624.0
20,11,78.5,27.5,625.0
19,16,83.5,26.5,628.0
19,13,80.5,26.5,630.0
18,12,79.5,25.5,632.0
20,12,79.5,27.5,633.0
19,16,83.5,26.5,635.0
22,10,77.5,29.5,636.0
17,15,82.5,24.5,637.0
21,11,78.5,28.5,638.0
21,12,79.5,28.5,640.0
18,14,81.5,25.5,641.0
18,14,81.5,25.5,642.0
21,12,79.5,28.5,644.0
22,10,77.5,29.5,645.0
20,12,79.5,27.5,648.0
22,10,77.5,29.5,649.0
20,14,81.5,27.5,650.0
20,15,82.5,27.5,651.0
17,16,83.5,24.5,653.0
19,15,82.5,26.5,654.0
18,15,82.5,25.5,656.0
22,12,79.5,29.5,658.0
22,13,80.5,29.5,660.0
23,10,77.5,30.5,661.0
22,10,77.5,29.5,662.0
22,12,79.5,29.5,663.0
22,11,78.5,29.5,664.0
23,13,80.5,30.5,665.0
23,12,79.5,30.5,666.0
22,12,79.5,29.5,668.0
23,11,78.5,30.5,669.0
16,20,87.5,23.5,671.0
16,20,87.5,23.5,672.0
19,21,88.5,26.5,674.0
15,21,88.5,22.5,675.0
15,21,88.5,22.5,676.0
19,21,88.5,26.5,677.0
15,19,86.5,22.5,678.0
20,21,88.5,27.5,679.0
19,22,89.5,26.5,680.0
15,21,88.5,22.5,681.0
18,21,88.5,25.5,682.0
17,21,88.5,24.5,683.0
15,21,88.5,22.5,685.0
16,20,87.5,23.5,686.0
15,20,87.5,22.5,689.0
18,21,88.5,25.5,692.0
