district_id,state,district,lgd_code,area_km2,is_jk_ladakh
0,ANDAMAN AND NICOBAR ISLANDS,NICOBARS,638,1854.57765,0
1,ANDAMAN AND NICOBAR ISLANDS,NORTH AND MIDDLE ANDAMAN,639,3432.474785,0
2,ANDAMAN AND NICOBAR ISLANDS,SOUTH ANDAMANS,640,2548.022911,0
3,ANDHRA PRADESH,ALLURI SITHARAMA RAJU,555N002,12317.17341,0
4,ANDHRA PRADESH,ANAKAPALLI,544N001,3917.373342,0
5,ANDHRA PRADESH,ANANTHAPURAMU,553,10045.180468,0
6,ANDHRA PRADESH,ANNAMAYYA,555N005,8915.328746,0
7,ANDHRA PRADESH,BAPATLA,555N004,3804.71327,0
8,ANDHRA PRADESH,CHITTOOR,554,6662.535711,0
9,ANDHRA PRADESH,DR.B.R.AMBEDKAR KONASEEMA,545N002,2340.26217,0
10,ANDHRA PRADESH,EAST GODAVARI,545,2526.923509,0
11,ANDHRA PRADESH,ELURU,555N003,6361.650268,0
12,ANDHRA PRADESH,GUNTUR,548,2369.635992,0
13,ANDHRA PRADESH,KAKINADA,545N001,2987.623491,0
14,ANDHRA PRADESH,KRISHNA,547,3764.415592,0
15,ANDHRA PRADESH,KURNOOL,552,7790.614683,0
16,ANDHRA PRADESH,NANDYAL,552N001,9557.884226,0
17,ANDHRA PRADESH,NTR,547N001,3209.256513,0
18,ANDHRA PRADESH,PALNADU,548N001,7141.635932,0
19,ANDHRA PRADESH,PARVATHIPURAM MANYAM,555N001,3511.741205,0
20,ANDHRA PRADESH,PRAKASAM,549,14010.952143,0
21,ANDHRA PRADESH,SRI POTTI SRIRAMULU NELLORE,550,10249.583087,0
22,ANDHRA PRADESH,SRI SATHYA SAI,553N001,8853.677292,0
23,ANDHRA PRADESH,SRIKAKULAM,542,4305.600336,0
24,ANDHRA PRADESH,TIRUPATI,555N006,8421.714898,0
25,ANDHRA PRADESH,VISAKHAPATNAM,544,968.1597895,0
26,ANDHRA PRADESH,VIZIANAGARAM,543,3814.030235,0
27,ANDHRA PRADESH,WEST GODAVARI,546,2188.858759,0
28,ANDHRA PRADESH,YSR KADAPA,551,10004.588694,0
29,ARUNACHAL PRADESH,ANJAW,628,5816.784103,0
30,ARUNACHAL PRADESH,BICHOM,NOT AVAILABLE,1806.40178,0
31,ARUNACHAL PRADESH,CHANGLANG,229,4920.708226,0
32,ARUNACHAL PRADESH,DIBANG VALLEY,230,9284.090487,0
33,ARUNACHAL PRADESH,EAST KAMENG,231,3474.705887,0
34,ARUNACHAL PRADESH,EAST SIANG,232,1619.899808,0
35,ARUNACHAL PRADESH,KAMLE,718,1812.967016,0
36,ARUNACHAL PRADESH,KEYI PANYOR,NOT AVAILABLE,1167.499603,0
37,ARUNACHAL PRADESH,KRA DAADI,677,2270.152462,0
38,ARUNACHAL PRADESH,KURUNG KUMEY,233,4361.031097,0
39,ARUNACHAL PRADESH,LEPA RADA,724,743.1358094,0
40,ARUNACHAL PRADESH,LOHIT,234,2961.617785,0
41,ARUNACHAL PRADESH,LONGDING,666,901.4869581,0
42,ARUNACHAL PRADESH,LOWER DIBANG VALLEY,235,3383.995273,0
43,ARUNACHAL PRADESH,LOWER SIANG,719,1758.444563,0
44,ARUNACHAL PRADESH,LOWER SUBANSIRI,236,262.2346881,0
45,ARUNACHAL PRADESH,NAMSAI,678,1292.716988,0
46,ARUNACHAL PRADESH,PAKKE KESSANG,723,1819.662548,0
47,ARUNACHAL PRADESH,PAPUMPARE,237,3147.907731,0
48,ARUNACHAL PRADESH,SHI YOMI,725,2675.779723,0
49,ARUNACHAL PRADESH,SIANG,679,3328.406326,0
50,ARUNACHAL PRADESH,TAWANG,238,2374.897936,0
51,ARUNACHAL PRADESH,TIRAP,239,996.2649009,0
52,ARUNACHAL PRADESH,UPPER SIANG,240,6369.361042,0
53,ARUNACHAL PRADESH,UPPER SUBANSIRI,241,5749.997076,0
54,ARUNACHAL PRADESH,WEST KAMENG,242,3721.808773,0
55,ARUNACHAL PRADESH,WEST SIANG,243,1293.61989,0
56,ASSAM,BAJALI,NOT AVAILABLE,488.7133998,0
57,ASSAM,BAKSA,616,1510.727654,0
58,ASSAM,BARPETA,NOT AVAILABLE,1708.709164,0
59,ASSAM,BISWANATH,705,2139.639384,0
60,ASSAM,BONGAIGAON,281,1096.957513,0
61,ASSAM,CACHAR,282,3638.132387,0
62,ASSAM,CHARAIDEO,708,977.3543038,0
63,ASSAM,CHIRANG,612,1840.202425,0
64,ASSAM,DARANG,283,1528.989296,0
65,ASSAM,DHEMAJI,284,2425.88013,0
66,ASSAM,DHUBRI,285,1843.352221,0
67,ASSAM,DIBRUGARH,NOT AVAILABLE,3276.699814,0
68,ASSAM,DIMA HASAO,299,4698.712789,0
69,ASSAM,GOALPARA,287,1840.510033,0
70,ASSAM,GOLAGHAT,288,3099.377848,0
71,ASSAM,HAILAKANDI,289,1278.079718,0
72,ASSAM,HOJAI,NOT AVAILABLE,1406.613345,0
73,ASSAM,JORHAT,290,1798.678076,0
74,ASSAM,KAMRUP METRO,618,935.4352496,0
75,ASSAM,KAMRUP RURAL,291,3011.582604,0
76,ASSAM,KARBI ANGLONG,292,7052.291396,0
77,ASSAM,KARIMGANJ,293,1744.953923,0
78,ASSAM,KOKRAJHAR,294,2993.497618,0
79,ASSAM,LAKHIMPUR,295,2820.613459,0
80,ASSAM,MAJULI,706,1232.846351,0
81,ASSAM,MARIGAON,296,1456.687002,0
82,ASSAM,NAGAON,297,2476.546477,0
83,ASSAM,NALBARI,298,1013.099504,0
84,ASSAM,SIBSAGAR,300,1569.827705,0
85,ASSAM,SONITPUR,301,2914.05591,0
86,ASSAM,SOUTH SALMARA MANCACHAR,707,307.4367802,0
87,ASSAM,TAMULPUR,616,844.3795166,0
88,ASSAM,TINSUKIA,302,3703.696915,0
89,ASSAM,UDALGURI,617,1940.388244,0
90,ASSAM,WEST KARBI ANGLONG,710,2956.742398,0
91,BIHAR,ARARIA,188,2695.118699,0
92,BIHAR,ARWAL,611,613.4577908,0
93,BIHAR,AURANGABAD,189,3179.305212,0
94,BIHAR,BANKA,190,2909.703281,0
95,BIHAR,BEGUSARAI,191,1850.163902,0
96,BIHAR,BHAGALPUR,192,2459.223524,0
97,BIHAR,BHOJPUR,193,2285.415035,0
98,BIHAR,BUXAR,194,1636.228185,0
99,BIHAR,DARBHANGA,195,2418.303532,0
100,BIHAR,GAYA,196,4777.642607,0
101,BIHAR,GOPALGANJ,197,1961.516046,0
102,BIHAR,JAHANABAD,239,901.9068212,0
103,BIHAR,JAMUI,198,2983.757834,0
104,BIHAR,KAIMUR,200,3210.902843,0
105,BIHAR,KATIHAR,201,2927.257578,0
106,BIHAR,KHAGARIA,202,1435.960579,0
107,BIHAR,KISHANGANJ,203,1872.679392,0
108,BIHAR,LAKHISARAI,204,1172.660159,0
109,BIHAR,MADHEPURA,205,1731.357301,0
110,BIHAR,MADHUBANI,206,3372.294955,0
111,BIHAR,MUNGER,207,1357.635711,0
112,BIHAR,MUZAFFARPUR,208,3066.126474,0
113,BIHAR,NALANDA,209,2266.828229,0
114,BIHAR,NAWADA,210,2396.140203,0
115,BIHAR,PASHCHIMI CHAMPARAN,211,5043.79954,0
116,BIHAR,PATNA,230,3064.532537,0
117,BIHAR,PURBI CHAMPARAN,213,3826.212884,0
118,BIHAR,PURNIA,214,3094.714364,0
119,BIHAR,ROHTAS,215,3729.244709,0
120,BIHAR,SAHARSA,216,1605.64831,0
121,BIHAR,SAMASTIPUR,217,2573.841604,0
122,BIHAR,SARAN,218,2579.086908,0
123,BIHAR,SHEIKHPURA,219,665.411555,0
124,BIHAR,SHEOHAR,220,427.5304655,0
125,BIHAR,SITAMARHI,221,2110.258593,0
126,BIHAR,SIWAN,222,2135.930335,0
127,BIHAR,SUPAUL,223,2331.751933,0
128,BIHAR,VAISHALI,224,1946.822963,0
129,CHANDIGARH,CHANDIGARH,55,111.8673871,0
130,CHHATISGARH,BALOD,646,3249.540772,0
131,CHHATISGARH,BALODA BAZAR,644,3818.696758,0
132,CHHATISGARH,BALRAMPUR,649,6051.614802,0
133,CHHATISGARH,BASTAR,414,5229.268691,0
134,CHHATISGARH,BEMETARA,650,2758.850895,0
135,CHHATISGARH,BIJAPUR,417,8111.718843,0
136,CHHATISGARH,BILASPUR,406,3410.747939,0
137,CHHATISGARH,DAKSHIN BASTAR DANTEWARA,376,2737.230771,0
138,CHHATISGARH,DHAMTARI,412,3943.167561,0
139,CHHATISGARH,DURG,378,2214.112657,0
140,CHHATISGARH,GARIYABAND,645,4675.47642,0
141,CHHATISGARH,GAURELA-PENDRA-MARWAHI,734,1918.218805,0
142,CHHATISGARH,JANJGIR - CHAMPA,379,2143.124138,0
143,CHHATISGARH,JASHPUR,402,5627.659956,0
144,CHHATISGARH,KAWARDHA (KABIRDHAM),382,4037.905474,0
145,CHHATISGARH,KHAIRGARH-CHHUIKHADAN-GANDAI,759,2234.999014,0
146,CHHATISGARH,KONDAGAON,643,4908.151861,0
147,CHHATISGARH,KORBA,404,6347.595181,0
148,CHHATISGARH,KOREA,384,2380.661506,0
149,CHHATISGARH,MAHASAMUND,385,4579.577727,0
150,CHHATISGARH,MANENDRAGARH-CHIRMIRI-BHARATPUR,760,3968.19518,0
151,CHHATISGARH,MOHLA-MANPUR-AMBAGARH CHOWKI,761,2402.167309,0
152,CHHATISGARH,MUNGELI,647,2672.352997,0
153,CHHATISGARH,NARAYANPUR,637,4619.328141,0
154,CHHATISGARH,RAIGARH,403,5341.419927,0
155,CHHATISGARH,RAIPUR,387,2798.755299,0
156,CHHATISGARH,RAJNANDGAON,388,3142.998035,0
157,CHHATISGARH,SAKTI,762,1575.299229,0
158,CHHATISGARH,SARANGARH-BILAIGARH,386,2117.031474,0
159,CHHATISGARH,SUKMA,642,5319.456684,0
160,CHHATISGARH,SURAJPUR,648,5221.234339,0
161,CHHATISGARH,SURGUJA,401,3854.293615,0
162,CHHATISGARH,UTTAR BASTAR KANKER,413,6944.506417,0
163,DADRA & NAGAR HAVELI & DAMAN & DIU,DADRA AND NAGAR HAVELI,496,473.306908,0
164,DADRA & NAGAR HAVELI & DAMAN & DIU,DAMAN,495,68.96944119,0
165,DADRA & NAGAR HAVELI & DAMAN & DIU,DIU,494,37.49671914,0
166,DELHI,CENTRAL,95,79.06733199,0
167,DELHI,EAST,93,30.510722920000003,0
168,DELHI,NAZUL,95,24.118684100000003,0
169,DELHI,NEW DELHI,94,151.6238042,0
170,DELHI,NORTH,91,282.1832197,0
171,DELHI,NORTH EAST,92,34.20590486,0
172,DELHI,NORTH WEST,90,149.0329484,0
173,DELHI,SHAHADARA,671,33.28784424,0
174,DELHI,SOUTH,98,154.14120069999998,0
175,DELHI,SOUTH EAST,670,98.13051848,0
176,DELHI,SOUTH WEST,97,274.1777939,0
177,DELHI,WEST,96,127.2090417,0
178,GOA,NORTH GOA,585,1704.120201,0
179,GOA,SOUTH GOA,586,1930.362854,0
180,GUJARAT,AHMADABAD,474,7044.577094,0
181,GUJARAT,AMRELI,480,7103.591476,0
182,GUJARAT,ANAND,482,3054.307893,0
183,GUJARAT,ARVALLI,672,3041.654622,0
184,GUJARAT,BANAS KANTHA,469,10349.019411,0
185,GUJARAT,BHARUCH,488,4745.943035,0
186,GUJARAT,BHAVNAGAR,481,6457.092112,0
187,GUJARAT,BOTAD,676,2405.26279,0
188,GUJARAT,CHHOTAUDEPUR,668,3326.713598,0
189,GUJARAT,DAHOD,485,3503.175929,0
190,GUJARAT,DANGS,489,1703.425588,0
191,GUJARAT,DEVBHUMI DWARKA,674,4002.784448,0
192,GUJARAT,GANDHINAGAR,473,2021.995152,0
193,GUJARAT,GIR SOMNATH,675,2549.589438,0
194,GUJARAT,JAMNAGAR,477,5694.270688,0
195,GUJARAT,JUNAGADH,479,5922.423713,0
196,GUJARAT,KACHCHH,468,39131.654164,0
197,GUJARAT,KHEDA,483,3310.413814,0
198,GUJARAT,MAHESANA,471,4248.515167,0
199,GUJARAT,MAHISAGAR,669,2415.51626,0
200,GUJARAT,MORBI,673,4791.280265,0
201,GUJARAT,NARMADA,487,2713.805395,0
202,GUJARAT,NAVSARI,490,2126.084215,0
203,GUJARAT,PANCH MAHALS,484,3158.853194,0
204,GUJARAT,PATAN,470,5562.451842,0
205,GUJARAT,PORBANDAR,478,2228.573987,0
206,GUJARAT,RAJKOT,476,7472.332197,0
207,GUJARAT,SABAR KANTHA,472,4066.260061,0
208,GUJARAT,SURAT,492,4175.888238,0
209,GUJARAT,SURENDRANAGAR,475,8659.106134,0
210,GUJARAT,TAPI,493,3026.218034,0
211,GUJARAT,VADODARA,486,3938.734371,0
212,GUJARAT,VALSAD,491,2846.762616,0
213,GUJARAT AND DNH & DD ISLANDS,ISLAND,NOT AVAILABLE,98.74601959,0
214,HARYANA,AMBALA,70,1473.787664,0
215,HARYANA,BHIWANI,81,3184.403614,0
216,HARYANA,CHARKI DADRI,081N001,1331.591158,0
217,HARYANA,FARIDABAD,88,717.2839471,0
218,HARYANA,FATEHABAD,78,2453.477041,0
219,HARYANA,GURUGRAM,86,1217.636706,0
220,HARYANA,HISAR,80,3959.78565,0
221,HARYANA,JHAJJAR,83,1841.410624,0
222,HARYANA,JIND,77,2631.778055,0
223,HARYANA,KAITHAL,73,2250.413985,0
224,HARYANA,KARNAL,74,2401.459003,0
225,HARYANA,KURUKSHETRA,72,1635.157332,0
226,HARYANA,MAHENDRAGARH,84,1869.906631,0
227,HARYANA,NUH,87,1451.712077,0
228,HARYANA,PALWAL,89,1319.011946,0
229,HARYANA,PANCHKULA,69,858.678375,0
230,HARYANA,PANIPAT,75,1262.86779,0
231,HARYANA,REWARI,85,1458.944487,0
232,HARYANA,ROHTAK,82,1616.224666,0
233,HARYANA,SIRSA,79,4147.87122,0
234,HARYANA,SONIPAT,76,2089.194471,0
235,HARYANA,YAMUNANAGAR,71,1674.414311,0
236,HIMACHAL PRADESH,BILASPUR,30,1139.84115,0
237,HIMACHAL PRADESH,CHAMBA,23,6411.374708,0
238,HIMACHAL PRADESH,HAMIRPUR,28,1092.455549,0
239,HIMACHAL PRADESH,KANGRA,24,5633.806361,0
240,HIMACHAL PRADESH,KINNAUR,34,6219.299285,0
241,HIMACHAL PRADESH,KULLU,26,5379.324334,0
242,HIMACHAL PRADESH,LAHUL & SPITI,25,13679.150957,0
243,HIMACHAL PRADESH,MANDI,27,3867.140398,0
244,HIMACHAL PRADESH,SHIMLA,33,5007.022732,0
245,HIMACHAL PRADESH,SIRMAUR,32,2755.326203,0
246,HIMACHAL PRADESH,SOLAN,31,1889.787346,0
247,HIMACHAL PRADESH,UNA,29,1509.877519,0
248,JAMMU AND KASHMIR,ANANTNAG,1,2704.591646,1
249,JAMMU AND KASHMIR,BADGAM,2,1239.938272,1
250,JAMMU AND KASHMIR,BANDIPURA,623,4029.129268,1
251,JAMMU AND KASHMIR,BARAMULA,3,2049.074036,1
252,JAMMU AND KASHMIR,DODA,4,2377.508547,1
253,JAMMU AND KASHMIR,GANDERBAL,626,1610.758401,1
254,JAMMU AND KASHMIR,JAMMU,5,2375.423523,1
255,JAMMU AND KASHMIR,KATHUA,7,2461.252983,1
256,JAMMU AND KASHMIR,KISHTWAR,620,8089.004993,1
257,JAMMU AND KASHMIR,KULGAM,622,1252.588614,1
258,JAMMU AND KASHMIR,KUPWARA,8,2733.098875,1
259,JAMMU AND KASHMIR,MIRPUR,NOT AVAILABLE,3578.908208,1
260,JAMMU AND KASHMIR,MUZAFFARABAD,NOT AVAILABLE,4782.21683,1
261,JAMMU AND KASHMIR,PULWAMA,11,889.6486798,1
262,JAMMU AND KASHMIR,PUNCH,10,4207.362941,1
263,JAMMU AND KASHMIR,RAJAURI,12,2604.695183,1
264,JAMMU AND KASHMIR,RAMBAN,621,1273.536713,1
265,JAMMU AND KASHMIR,RIASI,627,1909.557766,1
266,JAMMU AND KASHMIR,SAMBA,624,913.3781066,1
267,JAMMU AND KASHMIR,SHUPIYAN,625,501.0838243,1
268,JAMMU AND KASHMIR,SRINAGAR,13,279.7737825,1
269,JAMMU AND KASHMIR,UDHAMPUR,14,2248.373626,1
270,JHARKHAND,BOKARO,355,2769.08151,0
271,JHARKHAND,CHATRA,347,3649.826091,0
272,JHARKHAND,DEOGHAR,350,2389.6958,0
273,JHARKHAND,DHANBAD,354,1959.276427,0
274,JHARKHAND,DUMKA,362,3615.427427,0
275,JHARKHAND,EAST SINGHBHUM,357,3420.859552,0
276,JHARKHAND,GARHWA,346,3943.667395,0
277,JHARKHAND,GIRIDIH,349,4772.680729,0
278,JHARKHAND,GODDA,351,2196.186961,0
279,JHARKHAND,GUMLA,366,5155.115026,0
280,JHARKHAND,HAZARIBAGH,360,4174.008324,0
281,JHARKHAND,JAMTARA,363,1738.218051,0
282,JHARKHAND,KHUNTI,365,2534.422296,0
283,JHARKHAND,KODERMA,348,1578.212197,0
284,JHARKHAND,LATEHAR,359,4079.539842,0
285,JHARKHAND,LOHARDAGA,356,1441.886687,0
286,JHARKHAND,PAKUR,353,1731.45153,0
287,JHARKHAND,PALAMU,358,4249.302273,0
288,JHARKHAND,RAMGARH,361,1340.282021,0
289,JHARKHAND,RANCHI,364,4800.490299,0
290,JHARKHAND,SAHIBGANJ,352,2101.793476,0
291,JHARKHAND,SARAIKELA-KHARSAWAN,369,2557.73435,0
292,JHARKHAND,SIMDEGA,367,3634.647647,0
293,JHARKHAND,WEST SINGHBHUM,368,6950.521593,0
294,KARNATAKA,BAGALKOT,556,6424.674298,0
295,KARNATAKA,BALLARI,565,4175.794865,0
296,KARNATAKA,BELAGAVI,555,13129.037366,0
297,KARNATAKA,BENGALURU (RURAL),583,2286.731407,0
298,KARNATAKA,BENGALURU (URBAN),572,2187.110712,0
299,KARNATAKA,B\DAR,558,5285.212554,0
300,KARNATAKA,CHAMARAJANAGARA,578,5660.886847,0
301,KARNATAKA,CHIKKABALLAPURA,582,4214.106687,0
302,KARNATAKA,CHIKKAMAGALURU,570,7167.950772,0
303,KARNATAKA,CHITRADURGA,566,8347.55016,0
304,KARNATAKA,DAKSHINA KANNADA,575,4835.173629,0
305,KARNATAKA,DAVANAGERE,567,4431.635846,0
306,KARNATAKA,DHARWAD,562,4185.410306,0
307,KARNATAKA,GADAG,561,4577.51866,0
308,KARNATAKA,HASSAN,574,6797.610099,0
309,KARNATAKA,HAVERI,564,4755.07772,0
310,KARNATAKA,KALABURAGI,579,10678.103914,0
311,KARNATAKA,KODAGU,576,4105.239259,0
312,KARNATAKA,KOLARA,581,3962.444502,0
313,KARNATAKA,KOPPAL,560,5478.306917,0
314,KARNATAKA,MANDYA,573,4950.572258,0
315,KARNATAKA,MYSURU,577,6321.453233,0
316,KARNATAKA,RAICHUR,559,8265.916278,0
317,KARNATAKA,RAMANAGARA,584,3515.101246,0
318,KARNATAKA,SHIVAMOGGA,568,8395.380046,0
319,KARNATAKA,TUMAKURU,571,9180.263184,0
320,KARNATAKA,UDUPI,569,3555.457086,0
321,KARNATAKA,UTTARA KANNADA,563,10153.717949,0
322,KARNATAKA,VIJAYANAGARA,738,5565.29993,0
323,KARNATAKA,VIJAYAPURA,557,10244.540169,0
324,KARNATAKA,YADGIR,580,5154.614599,0
325,KERALA,ALAPPUZHA,598,1453.745497,0
326,KERALA,ERNAKULAM,595,3115.071056,0
327,KERALA,IDUKKI,596,4444.596053,0
328,KERALA,KANNUR,589,2984.131583,0
329,KERALA,KASARAGOD,588,1992.998981,0
330,KERALA,KOLLAM,600,2552.846259,0
331,KERALA,KOTTAYAM,597,2253.782903,0
332,KERALA,KOZHIKODE,591,2364.884185,0
333,KERALA,MALAPPURAM,592,3589.159668,0
334,KERALA,PALAKKAD,593,4537.719501,0
335,KERALA,PATHANAMTHITTA,599,2716.777586,0
336,KERALA,THIRUVANANTHAPURAM,601,2260.982634,0
337,KERALA,THRISSUR,594,3075.788435,0
338,KERALA,WAYANAD,590,2142.470957,0
339,LADAKH,KARGIL,6,14084.689859,1
340,LADAKH,LEH,9,153927.0,1
341,Lakshadweep-UT,Lakshadweep,587,1.076593009,0
342,MADHYA PRADESH,AGAR MALWA,436N001,2627.954395,0
343,MADHYA PRADESH,ALIRAJPUR,465,3205.94568,0
344,MADHYA PRADESH,ANUPPUR,461,3644.934989,0
345,MADHYA PRADESH,ASHOKNAGAR,459,4563.12986,0
346,MADHYA PRADESH,BALAGHAT,457,8900.271949,0
347,MADHYA PRADESH,BARWANI,441,5241.461938,0
348,MADHYA PRADESH,BETUL,447,9684.384547,0
349,MADHYA PRADESH,BHIND,420,4301.482332,0
350,MADHYA PRADESH,BHOPAL,444,2660.008083,0
351,MADHYA PRADESH,BURHANPUR,467,3113.001753,0
352,MADHYA PRADESH,CHHATARPUR,425,8368.753256,0
353,MADHYA PRADESH,CHHINDWARA,455,9463.087169,0
354,MADHYA PRADESH,DAMOH,428,7033.198219,0
355,MADHYA PRADESH,DATIA,422,2782.937673,0
356,MADHYA PRADESH,DEWAS,437,6739.109521,0
357,MADHYA PRADESH,DHAR,438,7843.875858,0
358,MADHYA PRADESH,DINDORI,453,5529.591409,0
359,MADHYA PRADESH,GUNA,458,6136.053047,0
360,MADHYA PRADESH,GWALIOR,421,4372.718662,0
361,MADHYA PRADESH,HARDA,448,3210.413065,0
362,MADHYA PRADESH,INDORE,439,3756.974116,0
363,MADHYA PRADESH,JABALPUR,451,4898.418999,0
364,MADHYA PRADESH,JHABUA,464,3314.087836,0
365,MADHYA PRADESH,KATNI,450,4875.363412,0
366,MADHYA PRADESH,KHANDWA,466,7191.637118,0
367,MADHYA PRADESH,KHARGONE,440,7713.245365,0
368,MADHYA PRADESH,MAIHAR,768,2149.372187,0
369,MADHYA PRADESH,MANDLA,454,7224.438407,0
370,MADHYA PRADESH,MANDSAUR,433,5341.372425,0
371,MADHYA PRADESH,MAUGANJ,766,1816.680319,0
372,MADHYA PRADESH,MORENA,419,4820.651633,0
373,MADHYA PRADESH,NARMADAPURAM,449,6449.441902,0
374,MADHYA PRADESH,NARSINGHPUR,452,4928.220801,0
375,MADHYA PRADESH,NEEMUCH,432,4120.363085,0
376,MADHYA PRADESH,NIWARI,424N001,1267.689315,0
377,MADHYA PRADESH,PANDHURNA,767,1911.849561,0
378,MADHYA PRADESH,PANNA,426,6812.370569,0
379,MADHYA PRADESH,RAISEN,446,8153.78615,0
380,MADHYA PRADESH,RAJGARH,442,5927.201051,0
381,MADHYA PRADESH,RATLAM,434,4665.815114,0
382,MADHYA PRADESH,REWA,430,4262.465672,0
383,MADHYA PRADESH,SAGAR,427,9848.196433,0
384,MADHYA PRADESH,SATNA,429,5084.727597,0
385,MADHYA PRADESH,SEHORE,445,6297.985325,0
386,MADHYA PRADESH,SEONI,456,8421.847168,0
387,MADHYA PRADESH,SHAHDOL,460,5449.752422,0
388,MADHYA PRADESH,SHAJAPUR,436,3328.854325,0
389,MADHYA PRADESH,SHEOPUR,418,6362.549857,0
390,MADHYA PRADESH,SHIVPURI,423,9550.601403,0
391,MADHYA PRADESH,SIDHI,462,4582.624199,0
392,MADHYA PRADESH,SINGRAULI,463,5535.786422,0
393,MADHYA PRADESH,TIKAMGARH,424,3582.742692,0
394,MADHYA PRADESH,UJJAIN,435,5866.637112,0
395,MADHYA PRADESH,UMARIA,431,4390.576661,0
396,MADHYA PRADESH,VIDISHA,443,7031.657942,0
397,MAHARASHTRA,AHMEDNAGAR,522,16550.219223,0
398,MAHARASHTRA,AKOLA,501,5250.139476,0
399,MAHARASHTRA,AMRAVATI,503,11758.130464,0
400,MAHARASHTRA,BEED,523,10272.629996,0
401,MAHARASHTRA,BHANDARA,506,3991.706502,0
402,MAHARASHTRA,BULDHANA,500,9401.299795,0
403,MAHARASHTRA,CHANDRAPUR,509,10976.002007,0
404,MAHARASHTRA,CHHATRAPATI SAMBHAJINAGAR,515,9810.721651,0
405,MAHARASHTRA,DHARASHIV,525,7359.107609,0
406,MAHARASHTRA,DHULE,498,6928.963481,0
407,MAHARASHTRA,GADCHIROLI,508,14022.420718,0
408,MAHARASHTRA,GONDIA,507,4991.495584,0
409,MAHARASHTRA,HINGOLI,512,4555.533347,0
410,MAHARASHTRA,JALGAON,499,11369.781384,0
411,MAHARASHTRA,JALNA,514,7391.690957,0
412,MAHARASHTRA,KOLHAPUR,530,7512.291731,0
413,MAHARASHTRA,LATUR,524,6999.914762,0
414,MAHARASHTRA,MUMBAI,519,62.03385918,0
415,MAHARASHTRA,MUMBAI SUBURBAN,518,418.0519765,0
416,MAHARASHTRA,NAGPUR,505,9538.672318,0
417,MAHARASHTRA,NANDED,511,10199.321661,0
418,MAHARASHTRA,NANDURBAR,497,5736.401137,0
419,MAHARASHTRA,NASHIK,516,14996.971577,0
420,MAHARASHTRA,PALGHAR,NOT AVAILABLE,5077.522628,0
421,MAHARASHTRA,PARBHANI,513,6105.206722,0
422,MAHARASHTRA,PUNE,521,15182.370587,0
423,MAHARASHTRA,RAIGARH,520,6772.3809,0
424,MAHARASHTRA,RATNAGIRI,528,8081.757311,0
425,MAHARASHTRA,SANGLI,531,8391.930255,0
426,MAHARASHTRA,SATARA,527,10194.658859,0
427,MAHARASHTRA,SINDHUDURG,529,5000.891034,0
428,MAHARASHTRA,SOLAPUR,526,14449.736601,0
429,MAHARASHTRA,THANE,517,4136.10018,0
430,MAHARASHTRA,WARDHA,504,6083.172722,0
431,MAHARASHTRA,WASHIM,502,4955.419901,0
432,MAHARASHTRA,YAVATMAL,510,13123.232259,0
433,MANIPUR,BISHNUPUR,252,452.8823719,0
434,MANIPUR,CHANDEL,253,2014.617022,0
435,MANIPUR,CHURACHANDPUR,254,2326.339726,0
436,MANIPUR,IMPHAL EAST,255,439.0559411,0
437,MANIPUR,IMPHAL WEST,256,423.4112056,0
438,MANIPUR,JIRIBAM,713,148.5603633,0
439,MANIPUR,KAKCHING,711,254.6514295,0
440,MANIPUR,KAMJANG,717,2382.492285,0
441,MANIPUR,KANGPOKPI,712,1380.290769,0
442,MANIPUR,NONEY,714,1215.563879,0
443,MANIPUR,PHERZAWL,715,2210.584847,0
444,MANIPUR,SENAPATI,257,1771.559374,0
445,MANIPUR,TAMENGLONG,258,3023.174016,0
446,MANIPUR,TENGNOUPAL,716,1121.455193,0
447,MANIPUR,THOUBAL,259,326.0081179,0
448,MANIPUR,UKHRUL,260,1972.97443,0
449,MEGHALAYA,EASTERN WEST KHASI HILLS,740,1123.71333,0
450,MEGHALAYA,WEST KHASI HILLS,279,2653.580214,0
451,MEGHALAYA,EAST GARO HILLS,273,1516.930442,0
452,MEGHALAYA,EAST JAINTIA HILLS,657,1936.970471,0
453,MEGHALAYA,EAST KHASI HILLS,274,2705.081994,0
454,MEGHALAYA,NORTH GARO HILLS,656,1208.915264,0
455,MEGHALAYA,RI-BHOI,276,2282.541889,0
456,MEGHALAYA,SOUTH GARO HILLS,277,1766.201801,0
457,MEGHALAYA,SOUTH WEST GARO HILLS,663,806.6796823999999,0
458,MEGHALAYA,SOUTH WEST KHASI HILLS,658,1281.019804,0
459,MEGHALAYA,WEST GARO HILLS,278,2558.432633,0
460,MEGHALAYA,WEST JAINTIA HILLS,275,1736.576821,0
461,MIZORAM,AIZAWL,261,2119.808166,0
462,MIZORAM,CHAMPHAI,262,1666.91958,0
463,MIZORAM,HNAHTHIAL,726,817.8784867999999,0
464,MIZORAM,KHAWZAWL,728,978.0109041,0
465,MIZORAM,KOLASIB,263,1433.873696,0
466,MIZORAM,LAWNGTLAI,264,2332.505257,0
467,MIZORAM,LUNGLEI,265,3544.183302,0
468,MIZORAM,MAMIT,266,2930.60163,0
469,MIZORAM,SAIHA,267,1471.365534,0
470,MIZORAM,SAITUAL,727,1578.789989,0
471,MIZORAM,SERCHHIP,268,1392.45001,0
472,NAGALAND,CHUMOUKEDIMA,NOT AVAILABLE,649.5694047000001,0
473,NAGALAND,DIMAPUR,NOT AVAILABLE,64.63297831,0
474,NAGALAND,KIPHIRE,NOT AVAILABLE,990.0836108,0
475,NAGALAND,KOHIMA,NOT AVAILABLE,962.4455746,0
476,NAGALAND,LONGLENG,NOT AVAILABLE,554.8530784,0
477,NAGALAND,MOKOKCHUNG,NOT AVAILABLE,1572.27982,0
478,NAGALAND,MON,NOT AVAILABLE,2088.002713,0
479,NAGALAND,NIULAND,NOT AVAILABLE,99.17968838,0
480,NAGALAND,NOKLAK,NOT AVAILABLE,895.9173117,0
481,NAGALAND,PEREN,NOT AVAILABLE,1718.537312,0
482,NAGALAND,PHEK,NOT AVAILABLE,1836.788402,0
483,NAGALAND,SHAMATOR,NOT AVAILABLE,449.9142117,0
484,NAGALAND,TSEMINYU,NOT AVAILABLE,279.05859239999995,0
485,NAGALAND,TUENSANG,NOT AVAILABLE,772.8208614,0
486,NAGALAND,WOKHA,NOT AVAILABLE,1531.126562,0
487,NAGALAND,ZUNHEBOTO,NOT AVAILABLE,1492.251326,0
488,ODISHA,ANUGUL,384,6144.341883,0
489,ODISHA,BALANGIR,393,6318.357757,0
490,ODISHA,BALASORE,377,3586.232677,0
491,ODISHA,BARGARH,370,5624.674393,0
492,ODISHA,BHADRAK,378,2415.828014,0
493,ODISHA,BOUDH,391,2992.913214,0
494,ODISHA,CUTTACK,381,3720.048023,0
495,ODISHA,DEOGARH,373,2847.432415,0
496,ODISHA,DHENKANAL,383,4299.977172,0
497,ODISHA,GAJAPATI,389,4003.654905,0
498,ODISHA,GANJAM,388,8115.596236,0
499,ODISHA,JAGATSINGHPUR,380,1674.095799,0
500,ODISHA,JAJAPUR,382,2794.48195,0
501,ODISHA,JHARSUGUDA,371,2066.460454,0
502,ODISHA,KALAHANDI,395,7632.727251,0
503,ODISHA,KANDHAMAL,390,7745.678775,0
504,ODISHA,KENDRAPARA,379,2443.988902,0
505,ODISHA,KEONJHAR (KENDUJHAR),375,7996.78095,0
506,ODISHA,KHORDHA,386,2781.806248,0
507,ODISHA,KORAPUT,398,8125.93193,0
508,ODISHA,MALKANGIRI,399,5620.04114,0
509,ODISHA,MAYURBHANJ,376,10022.504333,0
510,ODISHA,NABARANGAPUR,397,5275.175544,0
511,ODISHA,NAYAGARH,385,3763.289196,0
512,ODISHA,NUAPARHA,394,3711.854913,0
513,ODISHA,PURI,387,3354.937698,0
514,ODISHA,RAYAGARHA,396,7102.172346,0
515,ODISHA,SAMBALPUR,372,6335.10969,0
516,ODISHA,SUBARNAPUR,392,2277.766431,0
517,ODISHA,SUNDARGARH,374,9359.929189,0
518,PUDUCHERRY,KARAIKAL,637,160.5386892,0
519,PUDUCHERRY,MAHE,636,9.020243767,0
520,PUDUCHERRY,PUDUCHERRY,635,299.7071057,0
521,PUDUCHERRY,YANAM,634,30.54235828,0
522,PUNJAB,AMRITSAR,27,2623.105715,0
523,PUNJAB,BARNALA,605,1386.792907,0
524,PUNJAB,BATHINDA,28,3286.728686,0
525,PUNJAB,FARIDKOT,29,1423.775135,0
526,PUNJAB,FATEHGARH SAHIB,30,1122.052751,0
527,PUNJAB,FAZILKA,651,2798.830589,0
528,PUNJAB,FIROZPUR,31,2314.053248,0
529,PUNJAB,GURDASPUR,32,2552.622899,0
530,PUNJAB,HOSHIARPUR,33,3311.392437,0
531,PUNJAB,JALANDHAR,34,2578.783505,0
532,PUNJAB,KAPURTHALA,35,1595.462047,0
533,PUNJAB,LUDHIANA,36,3599.128291,0
534,PUNJAB,MALER KOTLA,737,664.4668693,0
535,PUNJAB,MANSA,37,2110.335727,0
536,PUNJAB,MOGA,38,2194.885167,0
537,PUNJAB,PATHANKOT,662,933.0214296,0
538,PUNJAB,PATIALA,41,3227.294801,0
539,PUNJAB,RUPNAGAR,42,1342.569847,0
540,PUNJAB,SANGRUR,43,2846.132294,0
541,PUNJAB,SAS NAGAR (SAHIBZADA AJIT SINGH NAGAR),608,1065.348207,0
542,PUNJAB,SHAHID BHAGAT SINGH NAGAR,40,1234.296267,0
543,PUNJAB,SRI MUKTSAR SAHIB,39,2570.525722,0
544,PUNJAB,TARN TARAN,609,2361.087614,0
545,RAJASTHAN,AJMER,119,3905.669276,0
546,RAJASTHAN,ALWAR,104,4609.279147,0
547,RAJASTHAN,ANOOPGARH,099N001,4387.878566,0
548,RAJASTHAN,BALOTRA,115N001,9113.874948,0
549,RAJASTHAN,BANSWARA,125,4332.61761,0
550,RAJASTHAN,BARAN,128,6731.603333,0
551,RAJASTHAN,BARMER,115,18207.487576,0
552,RAJASTHAN,BEAWAR,131N006,4295.500548,0
553,RAJASTHAN,BHARATPUR,105,2800.746599,0
554,RAJASTHAN,BHILWARA,122,6409.16089,0
555,RAJASTHAN,BIKANER,101,29248.288967,0
556,RAJASTHAN,BUNDI,121,5560.963812,0
557,RAJASTHAN,CHITTAURGARH,126,7526.813738,0
558,RAJASTHAN,CHURU,102,13412.054128,0
559,RAJASTHAN,DAUSA,109,3302.97303,0
560,RAJASTHAN,DEEG,105N001,2089.358242,0
561,RAJASTHAN,DHAULPUR,106,2924.066933,0
562,RAJASTHAN,DIDWANA-KUCHAMAN,112N001,6556.509444,0
563,RAJASTHAN,DUDU,110N002,1906.062945,0
564,RAJASTHAN,DUNGARPUR,124,3645.313981,0
565,RAJASTHAN,GANGANAGAR,99,6198.88592,0
566,RAJASTHAN,GANGAPURCITY,131N003,2420.430413,0
567,RAJASTHAN,HANUMANGARH,100,9414.21612,0
568,RAJASTHAN,JAIPUR,110,486.3339008,0
569,RAJASTHAN,JAIPUR(GRAMIN),110N001,7107.651357,0
570,RAJASTHAN,JAISALMER,114,35833.064984,0
571,RAJASTHAN,JALOR,116,5721.479197,0
572,RAJASTHAN,JHALAWAR,129,6099.963775,0
573,RAJASTHAN,JHUNJHUNUN,103,4642.609543,0
574,RAJASTHAN,JODHPUR,113,253.5226612,0
575,RAJASTHAN,JODHPUR GRAMIN,113N001,12500.484568,0
576,RAJASTHAN,KARAULI,107,3726.01183,0
577,RAJASTHAN,KEKRI,131N005,3408.865357,0
578,RAJASTHAN,KHAIRTHAL-TIJARA,104N001,1941.997015,0
579,RAJASTHAN,KOTA,127,4886.735225,0
580,RAJASTHAN,KOTPUTLI-BEHROR,131N002,2793.476058,0
581,RAJASTHAN,NAGAUR,112,10607.874572,0
582,RAJASTHAN,NEEM-KA-THANA,131N001,2757.608937,0
583,RAJASTHAN,PALI,118,9530.625151,0
584,RAJASTHAN,PHALODI,131N004,10330.048822,0
585,RAJASTHAN,PRATAPGARH,131,4251.485067,0
586,RAJASTHAN,RAJSAMAND,130N002,4315.157921,0
587,RAJASTHAN,SALUMBAR,130N001,2567.633042,0
588,RAJASTHAN,SANCHORE,116N001,4516.705688,0
589,RAJASTHAN,SAWAI MADHOPUR,108,3518.515379,0
590,RAJASTHAN,SHAHPURA,122N001,3406.636335,0
591,RAJASTHAN,SIKAR,111,5773.476206,0
592,RAJASTHAN,SIROHI,117,4940.555921,0
593,RAJASTHAN,TONK,120,6287.112115,0
594,RAJASTHAN,UDAIPUR,130,8686.899225,0
595,SIKKIM,GANGTOK,244,510.2489678,0
596,SIKKIM,GYALSHING,242,738.5900087,0
597,SIKKIM,MANGAN,241,3965.097449,0
598,SIKKIM,NAMCHI,243,871.9751071000001,0
599,SIKKIM,PAKYONG,741,436.7919819,0
600,SIKKIM,SORENG,742,332.2023128,0
601,TAMIL NADU,ARIYALUR,616,1953.551847,0
602,TAMIL NADU,CHENGALPATTU,633N001,2659.535248,0
603,TAMIL NADU,CHENNAI,602,427.2784717,0
604,TAMIL NADU,COIMBATORE,632,4774.994295,0
605,TAMIL NADU,CUDDALORE,617,3726.277216,0
606,TAMIL NADU,DHARMAPURI,630,4507.661283,0
607,TAMIL NADU,DINDIGUL,612,6144.763045,0
608,TAMIL NADU,ERODE,610,5799.907117,0
609,TAMIL NADU,KALLAKKURICHI,633N004,3310.234186,0
610,TAMIL NADU,KANCHIPURAM,604,1701.653038,0
611,TAMIL NADU,KANNIYAKUMARI,629,1735.65673,0
612,TAMIL NADU,KARUR,613,2937.839637,0
613,TAMIL NADU,KRISHNAGIRI,631,5127.112162,0
614,TAMIL NADU,MADURAI,623,3778.649194,0
615,TAMIL NADU,MAYILADUTHURAI,618,1188.13293,0
616,TAMIL NADU,NAGAPATTINAM,618,1408.430983,0
617,TAMIL NADU,NAMAKKAL,609,3447.144063,0
618,TAMIL NADU,PERAMBALUR,615,1771.180071,0
619,TAMIL NADU,PUDUKKOTTAI,621,4734.075923,0
620,TAMIL NADU,RAMANATHAPURAM,626,4206.03323,0
621,TAMIL NADU,RANIPET,633N002,1844.110588,0
622,TAMIL NADU,SALEM,608,5266.273212,0
623,TAMIL NADU,SIVAGANGA,622,4313.673673,0
624,TAMIL NADU,TENKASI,633N005,2898.446097,0
625,TAMIL NADU,THANJAVUR,620,3453.641088,0
626,TAMIL NADU,THE NILGIRIS,611,2567.215261,0
627,TAMIL NADU,THENI,624,2923.469271,0
628,TAMIL NADU,THIRUVALLUR,602,3218.211562,0
629,TAMIL NADU,THIRUVARUR,619,2305.147019,0
630,TAMIL NADU,THOOTHUKUDI,627,4873.819155,0
631,TAMIL NADU,TIRUCHIRAPPALLI,614,4549.40872,0
632,TAMIL NADU,TIRUNELVELI,628,3988.924655,0
633,TAMIL NADU,TIRUPATHUR,633N003,1989.827159,0
634,TAMIL NADU,TIRUPPUR,633,5258.915004,0
635,TAMIL NADU,TIRUVANNAMALAI,606,6191.322103,0
636,TAMIL NADU,VELLORE,605,2225.911056,0
637,TAMIL NADU,VILUPPURAM,607,3906.702983,0
638,TAMIL NADU,VIRUDHUNAGAR,625,4336.580868,0
639,TELANGANA,ADILABAD,532,3881.720237,0
640,TELANGANA,BHADRADRI KOTHAGUDEM,541N001,7008.476325,0
641,TELANGANA,HANUMAKONDA,542N003,1604.293475,0
642,TELANGANA,HYDERABAD,536,186.0755534,0
643,TELANGANA,JAGTIAL,534N002,2797.080298,0
644,TELANGANA,JANGOAN,540N001,2062.997066,0
645,TELANGANA,JAYASHANKAR BHUPALPALLI,542N006,2851.770197,0
646,TELANGANA,JOGULAMBA GADWAL,538N002,2519.766154,0
647,TELANGANA,KAMAREDDY,533N001,3636.20425,0
648,TELANGANA,KARIMNAGAR,534,2058.161463,0
649,TELANGANA,KHAMMAM,541,4222.112335,0
650,TELANGANA,KOMARRAM BHEEM,532N001,4323.933262,0
651,TELANGANA,MAHABUBABAD,542N004,3515.931954,0
652,TELANGANA,MAHABUBNAGAR,538,2600.614516,0
653,TELANGANA,MANCHERIAL,532N002,3784.498253,0
654,TELANGANA,MEDAK,535,2678.671181,0
655,TELANGANA,MEDCHAL_MALKAJGIRI,542N008,1047.625132,0
656,TELANGANA,MULUGU,542N005,4098.703082,0
657,TELANGANA,NAGARKURNOOL,538N003,6219.509401,0
658,TELANGANA,NALGONDA,539,7031.542783,0
659,TELANGANA,NARAYANPET,538N004,2310.581303,0
660,TELANGANA,NIRMAL,532N003,3597.228518,0
661,TELANGANA,NIZAMABAD,533,4024.130263,0
662,TELANGANA,PEDDAPALLI,534N001,2111.221699,0
663,TELANGANA,RAJANNA SIRCILLA,542N001,1825.33694,0
664,TELANGANA,RANGA REDDY,537,4882.557262,0
665,TELANGANA,SANGAREDDY,535N001,4314.439032,0
666,TELANGANA,SIDDIPET,542N002,3512.564504,0
667,TELANGANA,SURIYAPET,539N002,3504.357206,0
668,TELANGANA,VIKARABAD,542N007,3601.9907,0
669,TELANGANA,WANPARTI,538N001,2158.029438,0
670,TELANGANA,WARANGAL,540,1706.370259,0
671,TELANGANA,YADADRI BHUVANAGIRI,539N001,3337.466162,0
672,TRIPURA,DHALAI,269,2165.117157,0
673,TRIPURA,GOMTI,654,1602.603838,0
674,TRIPURA,KHOWAI,652,979.3519569,0
675,TRIPURA,NORTH TRIPURA,270,1298.984431,0
676,TRIPURA,SEPAHIJALA,653,1003.534222,0
677,TRIPURA,SOUTH TRIPURA,271,1407.04527,0
678,TRIPURA,UNAKOTI,655,685.8911809,0
679,TRIPURA,WEST TRIPURA,272,924.7936216,0
680,UTTAR PRADESH,AGRA,146,3890.818113,0
681,UTTAR PRADESH,ALIGARH,143,3585.18473,0
682,UTTAR PRADESH,AMBEDKAR NAGAR,178,2237.899841,0
683,UTTAR PRADESH,AMETHI,641,2333.840874,0
684,UTTAR PRADESH,AMROHA,137,2107.088762,0
685,UTTAR PRADESH,AURAIYA,162,1944.745435,0
686,UTTAR PRADESH,AYODHYA,177,2588.057807,0
687,UTTAR PRADESH,AZAMGARH,191,4055.032167,0
688,UTTAR PRADESH,BAGHPAT,139,1281.800382,0
689,UTTAR PRADESH,BAHRAICH,180,4740.98596,0
690,UTTAR PRADESH,BALLIA,193,2876.91027,0
691,UTTAR PRADESH,BALRAMPUR,182,3225.738696,0
692,UTTAR PRADESH,BANDA,170,4225.297711,0
693,UTTAR PRADESH,BARA BANKI,176,3708.347525,0
694,UTTAR PRADESH,BAREILLY,150,3984.55245,0
695,UTTAR PRADESH,BASTI,185,2686.418834,0
696,UTTAR PRADESH,BHADOHI,198,980.7558144,0
697,UTTAR PRADESH,BIJNOR,134,4460.610146,0
698,UTTAR PRADESH,BUDAUN,149,4112.520302,0
699,UTTAR PRADESH,BULANDSHAHR,142,3561.935104,0
700,UTTAR PRADESH,CHANDAULI,196,2450.287255,0
701,UTTAR PRADESH,CHITRAKOOT,171,3125.853089,0
702,UTTAR PRADESH,DEORIA,190,2421.548301,0
703,UTTAR PRADESH,ETAH,201,2338.665093,0
704,UTTAR PRADESH,ETAWAH,161,2241.107388,0
705,UTTAR PRADESH,FARRUKHABAD,159,2103.900315,0
706,UTTAR PRADESH,FATEHPUR,172,4021.277058,0
707,UTTAR PRADESH,FIROZABAD,147,2331.382538,0
708,UTTAR PRADESH,GAUTAM BUDDHA NAGAR,141,1206.004054,0
709,UTTAR PRADESH,GHAZIABAD,140,885.0517335,0
710,UTTAR PRADESH,GHAZIPUR,195,3252.314025,0
711,UTTAR PRADESH,GONDA,183,3838.936966,0
712,UTTAR PRADESH,GORAKHPUR,188,3208.369038,0
713,UTTAR PRADESH,HAMIRPUR,168,3755.836398,0
714,UTTAR PRADESH,HAPUR,661,1096.154863,0
715,UTTAR PRADESH,HARDOI,155,5772.477146,0
716,UTTAR PRADESH,HATHRAS,144,1720.320996,0
717,UTTAR PRADESH,JALAUN,165,4393.854037,0
718,UTTAR PRADESH,JAUNPUR,194,3882.282948,0
719,UTTAR PRADESH,JHANSI,166,4832.465024,0
720,UTTAR PRADESH,KANNAUJ,160,2019.925747,0
721,UTTAR PRADESH,KANPUR DEHAT,163,3046.947577,0
722,UTTAR PRADESH,KANPUR NAGAR,164,2893.624727,0
723,UTTAR PRADESH,KASGANJ,202,1893.480674,0
724,UTTAR PRADESH,KAUSHAMBI,174,1740.148025,0
725,UTTAR PRADESH,KHERI,153,7435.233832,0
726,UTTAR PRADESH,KUSHINAGAR,189,2793.342269,0
727,UTTAR PRADESH,LALITPUR,167,4854.283291,0
728,UTTAR PRADESH,LUCKNOW,157,2438.586024,0
729,UTTAR PRADESH,MAHOBA,169,3136.323531,0
730,UTTAR PRADESH,MAHRAJGANJ,187,2839.810872,0
731,UTTAR PRADESH,MAINPURI,148,2642.755165,0
732,UTTAR PRADESH,MATHURA,145,3225.493067,0
733,UTTAR PRADESH,MAU,192,1672.529856,0
734,UTTAR PRADESH,MEERUT,138,2482.37042,0
735,UTTAR PRADESH,MIRZAPUR,199,4242.49005,0
736,UTTAR PRADESH,MORADABAD,135,2195.765813,0
737,UTTAR PRADESH,MUZAFFARNAGAR,133,2621.349292,0
738,UTTAR PRADESH,PILIBHIT,151,3642.657058,0
739,UTTAR PRADESH,PRATAPGARH,173,3577.588613,0
740,UTTAR PRADESH,PRAYAGRAJ,175,5247.210319,0
741,UTTAR PRADESH,RAE BARELI,158,3770.833098,0
742,UTTAR PRADESH,RAMPUR,136,2291.22653,0
743,UTTAR PRADESH,SAHARANPUR,132,3617.427448,0
744,UTTAR PRADESH,SAMBHAL,659,2329.224555,0
745,UTTAR PRADESH,SANT KABIR NAGAR,186,1580.198501,0
746,UTTAR PRADESH,SHAHJAHANPUR,152,4164.032074,0
747,UTTAR PRADESH,SHAMLI,660,1266.783381,0
748,UTTAR PRADESH,SHRAWASTI,181,1864.596529,0
749,UTTAR PRADESH,SIDDHARTHNAGAR,184,2794.85425,0
750,UTTAR PRADESH,SITAPUR,154,5575.909503,0
751,UTTAR PRADESH,SONBHADRA,200,6621.085996,0
752,UTTAR PRADESH,SULTANPUR,179,2584.713534,0
753,UTTAR PRADESH,UNNAO,156,4391.114232,0
754,UTTAR PRADESH,VARANASI,197,1476.587526,0
755,UTTARAKHAND,ALMORA,45,3054.43573,0
756,UTTARAKHAND,BAGESHWAR,46,2173.075913,0
757,UTTARAKHAND,CHAMOLI,47,7618.644993,0
758,UTTARAKHAND,CHAMPAWAT,48,1715.186953,0
759,UTTARAKHAND,DEHRADUN,49,3018.912237,0
760,UTTARAKHAND,HARIDWAR,50,2220.893273,0
761,UTTARAKHAND,NAINITAL,51,3869.769679,0
762,UTTARAKHAND,PAURI GARHWAL,52,5131.341079,0
763,UTTARAKHAND,PITHORAGARH,53,7034.591199,0
764,UTTARAKHAND,RUDRAPRAYAG,54,1936.521456,0
765,UTTARAKHAND,TEHRI GARHWAL,55,3806.994202,0
766,UTTARAKHAND,UDHAM SINGH NAGAR,56,2587.998006,0
767,UTTARAKHAND,UTTARKASHI,57,7791.379717,0
768,WEST BENGAL,ALIPUR DUAR,328N002,2697.489692,0
769,WEST BENGAL,BANKURA,339,6621.369304,0
770,WEST BENGAL,BIRBHUM,334,4374.275415,0
771,WEST BENGAL,DAKSHIN DINAJPUR,331,2149.239883,0
772,WEST BENGAL,DARJILING,327,1977.052614,0
773,WEST BENGAL,HAORA,341,1412.767028,0
774,WEST BENGAL,HUGLI,338,3038.716149,0
775,WEST BENGAL,JALPAIGURI,328,3305.423874,0
776,WEST BENGAL,JHARGRAM,344N004,2982.62067,0
777,WEST BENGAL,KALIMPONG,327N001,1053.836421,0
778,WEST BENGAL,KOCH BIHAR,329,3224.819069,0
779,WEST BENGAL,KOLKATA,342,199.6464753,0
780,WEST BENGAL,MALDAH,332,3465.780822,0
781,WEST BENGAL,MURSHIDABAD,333,5144.480386,0
782,WEST BENGAL,NADIA,336,3742.620312,0
783,WEST BENGAL,NORTH TWENTY-FOUR PARGANAS,337,3842.65981,0
784,WEST BENGAL,PASCHIM BARDDHAMAN,335N003,1547.975684,0
785,WEST BENGAL,PASCHIM MEDINIPUR,344,6037.537764,0
786,WEST BENGAL,PURBA BARDDHAMAN,335,5195.472388,0
787,WEST BENGAL,PURBA MEDINIPUR,345,3817.621680074,0
788,WEST BENGAL,PURULIYA,340,6016.423628,0
789,WEST BENGAL,SOUTH 24PARGANAS,343,9624.556695,0
790,WEST BENGAL,UTTAR DINAJPUR,330,3016.950226,0
